评论时间,评论内容,情感得分,来源文件
2025-12-19,"操作难易: 一般 舒适度: -般 其他特色:  头带有点拉了, 老戴不住 物有所值吧 mmm寸光阴-寸金 画面非常惊艳 很好用价格我不贵看电影很方便! 蛮好的,产品性价比很好。使用感觉非常好。很清楚。",1.0,ABDT全景vr评论.csv
2025-12-26,"画质清晰无颗粒感; 大视角+高刷新率沉浸感拉满。头部追踪精准无延迟。人体工学设计佩戴轻盈 片久用不疲劳, 游戏观影双适配。虚拟世界的快乐一键解锁~ 非常好用清晰度也高",1.0,ABDT全景vr评论.csv
2025-06-21,般熟练之后就像随身电影院很不错,0.81,ABDT全景vr评论.csv
2023-12-18,"观影效果:  观影效果不错, 不带眼镜也可以看 舒适度:  还行吧。佩戴舒适 操作难易:  操作简单 容易上手 外形外观:  外观不错 其他特色:  其他特色:  小号手机可以使用, 大号手机也可以使用, 产品收到感觉不错。客服也送了很多资源, 观影效果:  很不错 舒适度:  戴着挺舒服的, 做工质量:  质量还可以; 收到功能都挺正常的",1.0,ABDT全景vr评论.csv
2024-06-14,看全景效果很好。和在影院看大片 一样 非常清楚。质量挺不错的。,1.0,ABDT全景vr评论.csv
2023-12-03,"而且物流速度也很快。客服的态度很好有问必答还会给你发爱心, 商品和图片相",1.0,ABDT全景vr评论.csv
2024-03-02,可以下载APP看30视频 同时能看我有个网站上的VR片,0.18,ABDT全景vr评论.csv
2024-08-23,图文并茂。 对使用中疑问。客服能够给予及时解答。等使用一段时间感觉效果好还会购买它的升级 产品。,0.99,ABDT全景vr评论.csv
2024-05-24,"东西收到了, 物流很快。客服也很有耐心,资源因为太晚了 得明夭弄 画面效果不错。值得推荐 观影效果:  很不错 舒适度:  没有不舒服 操作难易:  简单 做工质量:  不错",1.0,ABDT全景vr评论.csv
2024-02-14,非常赞的看片神器正在逐步配置建议,0.98,ABDT全景vr评论.csv
2024-01-01,眼镜可以调节适应近视很人性化,0.94,ABDT全景vr评论.csv
2024-01-27,玩起来 也不会晕眩。非常推荐给喜欢虚拟现实的朋友们!,0.94,ABDT全景vr评论.csv
2024-01-19,挺好的 观影效果:  不错 舒适度:  还行 操作难易:  可以接受,1.0,ABDT全景vr评论.csv
2024-02-01,做工质量:  还不错 操作难易:  操作容易 商品也确实值得这个价钱。特别适合刚开始尝试的朋友们。但如果想要更好的体验,1.0,ABDT全景vr评论.csv
2024-02-27,"很好用。近视眼也可以调节, 舒适度很好。操作简单方便。",0.99,ABDT全景vr评论.csv
2024-05-31,发货非常快,0.7,ABDT全景vr评论.csv
2024-07-28,东西不错。商家提供有很多电影R资源 可以体验FVR效果。好评!,0.95,ABDT全景vr评论.csv
2023-10-28,操作难易:  操作简单 外形外观:  简单好看,0.99,ABDT全景vr评论.csv
2023-12-21,"给我的第一感觉就很不错。而且物流也挺快。东西也很精致,细节感满满",1.0,ABDT全景vr评论.csv
2024-07-13,做工质量:  保质量 操作难易:  简单 外形外观:  大气 舒适度:  佩戴合适,1.0,ABDT全景vr评论.csv
2023-11-27,总体还不错。就是调节范围有限。感觉有些时候调整的不够清晰,0.99,ABDT全景vr评论.csv
2023-12-21,不错,0.86,ABDT全景vr评论.csv
2024-06-03,观影效果:  非常好,0.94,ABDT全景vr评论.csv
2024-06-13,"物流也挺快的,挺好的。待久了也没 啥不舒服的。",0.93,ABDT全景vr评论.csv
2024-01-27,也不疼。,0.24,ABDT全景vr评论.csv
2024-08-23,需要高清片源。不然比较鸡肋。有高清片源的话。不错。性价比高。,1.0,ABDT全景vr评论.csv
2024-08-09,产品质量很不错。很棒的购物体验画面很清晰。操作也很简洁! 购后3天追评使用起来很方便种的来讲。是一次很不错的购物体验!,1.0,ABDT全景vr评论.csv
2024-01-20,购后3天追评非常不错的选择?,0.37,ABDT全景vr评论.csv
2024-06-30,沉浸感很不错。不漏光。佩戴起来也没有不适感。,0.85,ABDT全景vr评论.csv
2024-03-04,很不错的产品。性价比很高。观影体验也不错。 操作简单,1.0,ABDT全景vr评论.csv
2023-10-22,眼睛不错商家还赠送了很多资源对得起这个价格,0.94,ABDT全景vr评论.csv
2023-11-22,产品很好孩子很喜欢 舒适度:  很好 操作难易:  简单,0.99,ABDT全景vr评论.csv
2024-02-03,重量也不重 质量也不错。可以入手,0.93,ABDT全景vr评论.csv
2024-02-25,操作简单 观影效果也很棒 观影效果:  很好 舒适度:  不错,1.0,ABDT全景vr评论.csv
2024-02-02,观影效果非常不错。 送的资源也很多,0.99,ABDT全景vr评论.csv
2025-12-01,"但老实说有点不值这个价,但总体感觉还不错。能接受",0.97,ABDT全景vr评论.csv
2023-12-10,观影效果非常不错。送的资源也很多,0.99,ABDT全景vr评论.csv
2024-01-18,发货很快 外观也不错。观影效果体验较好。,1.0,ABDT全景vr评论.csv
2024-01-08,刚到手。没有异味重量也很轻,0.67,ABDT全景vr评论.csv
2023-12-26,舒适度:  5 操作难易: 0,0.02,ABDT全景vr评论.csv
2024-01-23,感觉还不错。有种身临其境的感觉!,0.99,ABDT全景vr评论.csv
2024-11-04,非常好发货速度快; 画面清晰很干净,0.99,ABDT全景vr评论.csv
2024-02-29,VR设备清晰。新的体验,0.86,ABDT全景vr评论.csv
2023-11-26,产品不错 客服也送了很多资源 99级的最强,0.65,ABDT全景vr评论.csv
2025-10-25,物美价廉。要买的朋友可以下单噢!,0.93,ABDT全景vr评论.csv
2024-03-01,"发货速度很快,服务态度很好。外观完好。包装完整",1.0,ABDT全景vr评论.csv
2024-08-03,期待,0.69,ABDT全景vr评论.csv
2024-06-21,快递很快; 客服很有耐心服务很好,0.64,ABDT全景vr评论.csv
2025-11-26,"Quest3 5126 [全新末拆封] 因为以前玩过quest2, 就自己激活了, 体验感很棒。是一次很不错购物体验 境问题 (买的末激活版; 自己激活会麻烦-些) 清晰度比我想象的要好, 系统和手机一样。操作很容易上手。近视的小伙伴建议搞一份镜片。不然夹着眼镜有点不太舒服,体验就 jd_138442jmh 01-27 Quest3S 2566 [定制代激活] 小二服务热情周到。有问必答。使用体验非常棒; 操作简单易懂。 产品质量更是没得说; 坚固耐用。物流服务超 强烈推荐! jd_62828f690412c1",1.0,META Quest3 VR评论.csv
2025-11-26,"容量真的太够用了 存了几十款大型游戏还有大半空间。机身的散热做得特别好。连续玩三四个小时都不会发烫 戴着也不会觉得闷,长时间玩也很舒服",0.96,META Quest3 VR评论.csv
2025-11-27,"Quest3 5126 [未拆封] +舒适头戴 30效果太惊艳了, 看电影像在电影院一样。玩体感游戏更是过瘾; 动作捕捉准确。没有延迟感 续航也不错 一次电能玩一下午。太满意了 ! 鲜活的生命力",1.0,META Quest3 VR评论.csv
2025-11-26,"拆开包装是全新末拆封的, 配件都很齐全; 试玩了自带的游戏 画面流畅度满分, 转头的时候场景切换特别自然 jd_62828f690412c1",1.0,META Quest3 VR评论.csv
2025-11-26,"Quest3 5126 [定制代激活] 容量真的太够用了, 存了几十款大型游戏还有大半空间。机身的散热做得特别好。连续玩三四个小时都不会发烫 戴着也不会觉得闷,长时间玩也很舒服 92x比脸美",0.99,META Quest3 VR评论.csv
2025-11-27,"Quest3 5126 [未拆封] +舒适头戴 30效果太惊艳了, 续航也不错; 一次电能玩-下午 太满意了 ! 鲜活的生命力",1.0,META Quest3 VR评论.csv
2025-11-26,"Quest3 5126 [未拆封] +舒适头戴 拆开包装是全新末拆封的, 配件都很齐全; 试玩了自带的游戏,画面流畅度满分,转头的时候场景切换特别自然",1.0,META Quest3 VR评论.csv
2025-11-27,Quest3 5126 [全新未拆封] 开机速度快; 系统流畅。30画面逼真; 体感操控精准度高。玩射击类游戏超有代入感。头盔佩戴舒适; 长时间使 用也不会觉得累。满意! jd_3n8324jmgoig7m,1.0,META Quest3 VR评论.csv
2025-11-26,开枪 换弹的动作都很流畅。那种在虚拟场 景里战斗的感觉。比电脑端游刺激十倍,1.0,META Quest3 VR评论.csv
2025-11-27,Quest3 5126 [全新未拆封] 对比了好几款; 最终选了这款VR眼镜 体机。性能稳定; 运行流畅不卡顿 体感游戏互动性强,1.0,META Quest3 VR评论.csv
2025-11-26,开机速度特别快。不用等很久就能进入主界面。界面的布局很清晰。找游戏。调设置都很方便; jd_138372qfc,0.96,META Quest3 VR评论.csv
2025-11-27,Quest3 5126 [未拆封] +舒适头戴 智能体感功能太惊喜了 动作识别精准。玩健身类游戏既能娱乐又能锻炼。30画面立体感十足 头盔重量适中 佩戴舒适;性价比超高!,1.0,META Quest3 VR评论.csv
2025-11-27,"Quest3 5126 [未拆封] +近视镜片 头盔的贴合度很好 不会轻易滑落。透气性佳。长时间佩戴也不会闷, 30画面清晰流畅。体感反应灵敏。游戏体 验感满分 强烈推荐!",0.96,META Quest3 VR评论.csv
2025-11-27,"Quest3 5126 [定制代激活] 纠结了好久选的这款; 果然没失望! 头盔佩戴轻盈舒适。长时间玩游戏脖子也没压力,智能体感反应灵敏。沉浸式 体验拉满。推荐给所有游戏党! jd_ZUOBWjTUmgpimF44",1.0,META Quest3 VR评论.csv
2025-11-26,"机身的设计很贴合脸型 就算戴久了也不会压得脸颊疼, 镜片的透光率很高。虚拟场景的色彩特别鲜艳。和现实里 的颜色几乎没差别。视觉体验真的绝了 无心插柳哦哦",0.97,META Quest3 VR评论.csv
2025-11-26,"设备的定位能力很强 就算在小空间里玩 也能精准识别身体的移动。不会出现定位漂移的情况。玩需要移动的游 戏时特别安心,不用怕撞到现实里的东西 jd_nsgjizyzjwo4td",1.0,META Quest3 VR评论.csv
2025-11-27,Quest3 5126 [定制代激活] 头盔设计很贴合头部。透气性好 不会闷汗。30头盔的视觉效果震撼。智能体感操控流畅。无论是玩游戏还是看 VR视频都超有代入感。值得入手!,1.0,META Quest3 VR评论.csv
2025-11-27,Quest3 5126 [未拆封] +舒适头戴 质量挺 不错的。好评 无心插柳哦哦,0.99,META Quest3 VR评论.csv
2025-11-26,"戴在头上不会觉得头重脚轻; 就算玩几个小时。脖子也不会觉得酸。这点比之前用过的 VR设备好太多, 长时间玩也很轻松 莫忘007",0.97,META Quest3 VR评论.csv
2025-11-28,佩戴轻便舒适; 声音效果出色。沉浸感很强。观看视频非常流畅。运行速度也很快。没有卡顿现象。 整体体验很 值得推荐购买。 jd_138372qfc,1.0,META Quest3 VR评论.csv
2025-11-27,Quest3 5126 [末拆封] +近视镜片 细节展现到位。体感操控响应迅速。没有明显延迟 续航能力满足日常需求 无论是 自己玩还是和朋友 起都很开心! jd_62828f690412c1,1.0,META Quest3 VR评论.csv
2025-11-26,"发货速度太惊喜。拆开是全新末拆封的包装。配件齐全得很。开机引导引导特别简单 几分钟就摸清了操作 的按键反馈很舒服,按起来不软不硬刚好",0.95,META Quest3 VR评论.csv
2025-11-27,Quest3 5126 [定制代激活] 高端娱乐体验;  太值了!,0.83,META Quest3 VR评论.csv
2025-11-27,Quest3 5126 [未拆封] +近视镜片 佩戴舒适贴合头部。高清分辨率视野清晰。体感追踪稳定精准。续航持久不发烫; 大人小孩爱 用!,1.0,META Quest3 VR评论.csv
2025-11-27,Quest3 5126 [全新未拆封] 作为 名资深游戏玩家。这款VR眼镜 体机的表现让我惊喜 画质清晰。体感精准。运行稳定不卡顿。沉浸式体,1.0,META Quest3 VR评论.csv
2025-11-27,Quest3 5126 [未拆封] +近视镜片 收到了 在虚拟空间里自由探索。互动。这种体验新奇又有趣! 满意 92*比脸美,1.0,META Quest3 VR评论.csv
2025-11-27,"Quest3 5126 [末拆封] +近视镜片 作为VR新手 这款一体机真的很友好。操作界面简洁易懂 自带的游戏资源丰富 画质清晰细腻。体感反馈真 在家就能享受沉浸式娱乐, 太香了! jd_ f7942v21h8298e",1.0,META Quest3 VR评论.csv
2025-11-27,Quest3 5126 [末拆封] +近视镜片 充一次电足够,0.88,META Quest3 VR评论.csv
2025-11-27,Quest3 5126 [全新未拆封] 机身轻便质感扎实; 高清分辨率视野开阔 体感精准无延迟; 内容资源丰富。追剧玩游戏两不误。体验感超预期!,1.0,META Quest3 VR评论.csv
2025-11-27,"Quest3 5126 [全新末拆封] 沉浸式娱乐神器! 30头盔画面逼真。智能体感操控精准。游戏和视频资源丰富, 佩戴舒适不压头 身临其境的娱乐体验 强烈推荐! 5**了",1.0,META Quest3 VR评论.csv
2025-11-27,Quest3 5126 [全新末拆封] jd_4t9124o29t3r4d,0.35,META Quest3 VR评论.csv
2025-11-27,Quest3 5126 [未拆封] +舒适头戴 大小合适。做工精细。戴着很舒服。画面清晰。操作简单。虚拟和现实融合在一起。沉浸式体验。爱了!值得推荐,1.0,META Quest3 VR评论.csv
2025-11-27,Quest3 5126 [未拆封] +近视镜片 满!,0.45,META Quest3 VR评论.csv
2025-11-27,"Quest3 5126 [未拆封] +近视镜片 沉浸式体验真的绝了, 亲肤。佩戴舒适。强烈推荐!",0.99,META Quest3 VR评论.csv
2025-11-27,Quest3 5126 [定制代激活] 起组队开黑。太欢乐了 !,0.27,META Quest3 VR评论.csv
2025-11-27,Quest3 5126 [定制代激活] 手! jd_4t9124029t3r4d,0.57,META Quest3 VR评论.csv
2025-11-27,Quest3 5126 [全新末拆封] 收到了 外形好看。 快乐感十足爱了,1.0,META Quest3 VR评论.csv
2025-11-27,"Quest3 5126 [定制代激活] 沉浸式体验太绝了, 快乐! jd_howkbgoyw5655c",1.0,META Quest3 VR评论.csv
2025-12-02,Quest3 5126 [全新末拆封],0.37,META Quest3 VR评论.csv
2025-11-27,Quest3 5126 [未拆封] +舒适头戴 VR眼镜 体机体验超惊艳。30画质清晰逼真沉浸感拉满。智能体感灵敏不卡顿。在家就能畅玩3A大作。休闲娱乐,1.0,META Quest3 VR评论.csv
2025-11-27,Quest3 5126 [未拆封] +舒适头戴 智能VR头盔操作便捷 30画质通透逼真 体感反馈灵敏自然。佩戴贴合不闷汗。独处放松或聚会互动都超合适! 风1805,1.0,META Quest3 VR评论.csv
2025-11-25,"Quest3 5126 [末拆封] +舒适头戴 入手这款VR设备后 娱乐生活变得超精彩!画面逼真得仿佛伸手就能触摸到虚拟世界里的切。玩游戏时的互动 体验超绝。让人完全沉浸其中,快乐感爆棚!",1.0,META Quest3 VR评论.csv
2025-11-27,Quest3 5126 [全新末拆封] 收到 开封视频。我拿到货后更是 步步教我怎么设置。现在玩起来很爽; 值得推荐,0.99,META Quest3 VR评论.csv
2025-11-27,Quest3 5126 [末拆封] +近视镜片 莫忘007,0.43,META Quest3 VR评论.csv
2025-11-28,"定位精准。操作流畅, 内容丰富实用; 发货速度很快。画面显示清晰。沉浸感强。整体体验非常满意; 值得推荐。 jd_tnfoaXZQYArf5",1.0,META Quest3 VR评论.csv
2025-11-27,Quest3 5126 [定制代激活] 看30电影像在私人IMAX影院。沉浸感拉满。,0.95,META Quest3 VR评论.csv
2025-11-27,Quest3 5126 [定制代激活],0.55,META Quest3 VR评论.csv
2025-11-25,"Quest3 5126 [末拆封] +近视镜片 互动, 这种体验新奇又有趣! 风1805",0.98,META Quest3 VR评论.csv
2025-11-25,Quest3 5126 [全新末拆封] 水。仿佛真的置身于游戏场景之中! 5**了,0.99,META Quest3 VR评论.csv
2025-11-27,Quest3 5126 [末拆封] +近视镜片 居家娱乐幸福感直接拉满!,0.78,META Quest3 VR评论.csv
2025-11-27,Quest3 5126 [末拆封] +近视镜片 娱乐性价比超高 密蜜汁,0.96,META Quest3 VR评论.csv
2025-11-25,每次使用这款VR设备。都有不一样的惊喜!它的设计贴合头部。佩戴起来舒适 不会有压迫感。在虚拟世界里尽 情畅游。简直是休闲时光的绝佳伴侣! 大娟嘉嘉,1.0,META Quest3 VR评论.csv
2025-11-26,"磁吸近视镜片超贴心, 画面细节拉满。游戏互动感超强。解压又好玩; 入手不亏~ VR眼镜收到了 质量非常好。电池耐用。运行速度快。带着方便。玩游戏不会卡 柒只小可爱",1.0,META Quest3 VR评论.csv
2025-11-26,Quest3 5126 [定制代激活],0.55,META Quest3 VR评论.csv
2025-11-27,Quest3 5126 [未拆封] +舒适头戴 VR眼镜一体机做工扎实;游戏资源丰富。30效果沉浸。体感响应快。使用体验超棒,1.0,META Quest3 VR评论.csv
2025-11-27,Quest3 5126 [末拆封] +近视镜片 操作流畅,0.92,META Quest3 VR评论.csv
2025-11-27,Quest3 5126 [未拆封] +舒适头戴,0.88,META Quest3 VR评论.csv
2025-11-27,Quest3 5126 [未拆封] +舒适头戴 VR一体机游戏运行流畅。体感交互自然。30效果清晰。做工优质。使用超满意,1.0,META Quest3 VR评论.csv
2025-11-27,Quest3 5126 [全新未拆封] 30头盔佩戴舒适。智能体感响应快。画质清晰。游戏资源丰富。操作简单易上手,0.99,META Quest3 VR评论.csv
2025-11-27,Quest3 5126 [定制代激活] 观影很清晰。佩戴舒适; 游戏内容多。操作简单。科技感十足。真心不错。推荐。 jd_4t9124o29t3r4d,1.0,META Quest3 VR评论.csv
2025-11-27,Quest3 5126 [末拆封] +近视镜片 发货快物流很快。包装很好。 大小合适。 画面清晰。体验感十足。好喜欢。 满意,1.0,META Quest3 VR评论.csv
2025-12-02,Quest3 5126 [定制代激活],0.55,META Quest3 VR评论.csv
2025-12-07,Quest3 5126 [未拆封] +舒适头戴 画面很清晰,0.98,META Quest3 VR评论.csv
2025-11-27,Quest3 5126 [未拆封] +舒适头戴 日常娱乐体验超棒,1.0,META Quest3 VR评论.csv
2025-11-27,Quest3 5126 [全新末拆封] 30头盔透气性好。智能体感响应灵敏; 画质清晰。续航够用 日常娱乐超合适,1.0,META Quest3 VR评论.csv
2025-11-27,Quest3 5126 [未拆封] +近视镜片 创新设计;操作简单 配戴舒适。无论是观看影片还是游戏时。都能感受到更真实的体验,1.0,META Quest3 VR评论.csv
2025-11-27,Quest3 5126 [未拆封] +近视镜片 小5619,0.51,META Quest3 VR评论.csv
2025-11-27,"Quest3 5126 [末拆封] +舒适头戴 清晰度拉满。近视也能看清细节, 观影。玩游戏都不模糊。体验感超棒~",1.0,META Quest3 VR评论.csv
2025-11-27,Quest3 5126 [定制代激活] 全程没有卡顿,0.17,META Quest3 VR评论.csv
2025-11-26,VR- 体机收到了 质量不错。外观也好看。电池耐用。玩游戏不会卡,0.99,META Quest3 VR评论.csv
2025-11-26,"Quest3 5126 [定制代激活] VR眼镜收到了, 质量很好。戴上很舒服,也不磨眼睛。很满意。",0.98,META Quest3 VR评论.csv
2025-11-27,Quest3 5126 [定制代激活] 真实感很强。运行流畅。画质很好。佩戴很舒适。 响单单咚,1.0,META Quest3 VR评论.csv
2025-11-28,Quest3 5126 [未拆封] +近视镜片,0.53,META Quest3 VR评论.csv
2025-11-27,Quest3 5126 [定制代激活] 画面清晰又流畅。沉浸感十足混合现实体验超乎想象 _,1.0,META Quest3 VR评论.csv
2021-01-08,"这是一次换货 换了个麻烦 力。希望可以获得更多朋友的满意。这也是我们不断完善前行的动力,非常感谢您的支持!",0.35,千幻魔镜 XR评论.csv
2021-03-14,"垃圾,很不愉快的一次购物, 上当受骗的感觉 首先感谢您对干幻魔镜的产品认可和支持。千幻AIO8pro巨幕观影机虚拟屏幕大概1000多英寸 呢! 支持各种手机型号的。网络最好选46/56网体验感会更好呢。如果有任何问题可以随时联系在线客服为您进行 垃圾。很不愉快的一次购物 上当受骗的感觉 千幻AIO8pro巨幕观影机虚拟屏幕大概1000多英寸 网络最好选46/56网体验感会更好呢。如果有任何问题可以随时联系在线客服为您进行 解答 jd_135744wrr",0.0,千幻魔镜 XR评论.csv
2021-01-11,体验极差 一大堆配件。设计的还垃圾。离开了手机就是个垃圾 您好!为了给用户带来更好的使用体验; 请你联系客服指导您正确的使用; 这款眼镜比平 常观影眼镜佩戴轻便舒适 资源丰富。只要掌握了正确的使用方法可玩性还是很高的呢! 期待您的再次光临; 干幻 魔镜VR祝您幸福美满!,1.0,千幻魔镜 XR评论.csv
2021-02-25,客服对产品不了解 问了问题告诉我 垃圾。很不愉快的一次购物 上当受骗的感觉 千幻AIO8pro巨幕观影机虚拟屏幕大概1000多英寸 网络最好选46/56网体验感会更好呢。如果有任何问题可以随时联系在线客服为您进行 解答 jd_135744wrr,0.0,千幻魔镜 XR评论.csv
2021-02-25,客服对产品不了解 问了问题告诉我 另外有,0.01,千幻魔镜 XR评论.csv
2021-01-28,"首先感谢您对干幻魔镜的认可和支持 干幻AIO8pro巨幕观影机虚拟屏幕大概1000多英寸呢! 支持各种手机型号的。网络最好选46/56网体验感会更好呢。如果有任何问题可以随时联系在线客服为您进行解 一定会处理好您的问题 敬请放心,再次感谢您对干幻魔镜的支持。",0.98,千幻魔镜 XR评论.csv
2021-03-10,"而且头晕 没有片源。只能投屏 操作也极不方便。摘下眼睛 操作手机; 然后戴上看 买了就等着后悔 吧。不知道那些评价是怎么来的。 很高您能购买我们的产品,产品有任何质量问题可以及时联系在线客服为您解决换新。咱们支持 一年质保的呢,这款眼镜是手机电脑同屏效果。链接手机电脑后不管是浏览网站还是在线看视频 (爱奇艺 腾讯, 优酷众多观影软件) 刷抖音看小说都是可以的呢; 1000英寸的大屏和1058ppi的清晰效果可以为您带来很好的观 秋意迥然 体验非常差。到货后捣鼓了快两个钟 总算能连上了, 期间客服什么都不懂; 自己都没用过根本解答不了问题;连 上后播放本地视频; 卡爆了了。带上眼镜画面就是一直在连接转圈圈, 容量大一点的直接投不出 我不知道这玩意有什么用 只能上网在线用**视频app投屏; 充电充着充着熄火了, 不知道是不是烧了,就这 **良心被狗吃了 ! 包装都 被我拆完了, 准备京东投诉那里看能不能退掉 最恶心的一次购物。没有之一! ! ! !",0.0,千幻魔镜 XR评论.csv
2021-05-09,"体验不好 我们重视每位用户的体验和反馈的,遇到任何问题请先联系在线 小伙伴们都会全力以赴和您一起共同解决问题。希望干幻魔镜VR可以给您带去更多精彩",0.44,千幻魔镜 XR评论.csv
2021-05-23,"交了智商税 我们重视每位用户的体验和反馈的,遇到任何问题请先联系在线 希望千幻魔镜VR可以给您带去更多精彩",0.28,千幻魔镜 XR评论.csv
2021-06-17,此用户末填写评价内容,0.11,千幻魔镜 XR评论.csv
2021-06-17,"此用户末填写评价内容 购后123天追评刚买就下架了 只能看30骗子产品明明说是VR眼镜'发2000买个假货! ~定要先与客服咨询, 指导您更好观看哦~ jd_43dc8095bbd20",0.0,千幻魔镜 XR评论.csv
2021-02-26,"退货还不给退; 找各种理由不退; 来还得带耳机,还有个大接收器都在眼镜上连接着都是线; 最差劲的一次购物!特别不满的是京东 在商品或店铺页面会有相关活动介绍哈。不存在任 何欺骗的, 购物最重要还是产品本身哈。多多体验。相信您会离不开它。使用中有什么疑问可以随时联系在线客服 钱老大爷",0.0,千幻魔镜 XR评论.csv
2021-04-11,"购后123天追评刚买就下架了 只能看30骗子产品明明说是VR眼镜'发2000买个假货! ~定要先与客服咨询, 指导您更好观看哦~ jd_43dc8095bbd20",0.0,千幻魔镜 XR评论.csv
2021-04-11,钱老大爷,0.11,千幻魔镜 XR评论.csv
2021-04-11,"视频是手机操作面板; 也没有。 买之前真的是被推广给晃晕眼了 2.蓝牙功能几乎没法用, 视频点了蓝牙。浏览器进去要大约1分钟(视频发不了那么长; 反正后面就是一直等大约一 分钟),然后-进去还搜不到蓝牙, 要关闭再打开; 又需要 分钟。和操作视频严重不符! 并且它不支持很多耳机, bose蓝牙运动耳机连不了 , 小米蓝牙音响连不了, 中文蓝牙名的所有蓝牙连不了。 所以 如果要用蓝牙耳机,蓝牙音响。慎买! ! ! 真的很不专业展开 购后26天追评追评一下, 店家得知后主动联系我道歉。态度很诚恳。后续让我把设备寄回仔细检测了一遍 视频详细的告知我操作步骤; 并且寄了一个全新的给我。问题也得到了解决 非常感谢。 可以联系这边在线客服为您处理的哈。咱们的V都 是经过了严格的出厂检测, 的。产品出货量巨大; 用户普通反馈也都不错的, 体验。相信您会爱上它。感谢您的支持和理解。 己为您过滤了参考价值不大的评价~ 还不错",0.0,千幻魔镜 XR评论.csv
2021-02-18,"看20没问题。30试了好几个格式效果都不好 中如果有什么疑问可以随时联系在线客服为您解答 我们将竭诚为您服务, 舟舟之星 还不错",0.92,千幻魔镜 XR评论.csv
2021-02-07,"优点: 1.轻便 2.近视眼不用戴眼镜可以0-700度调好用直接看 3.20和30观看确实有影院般的感觉。新颖有创意的产品。同类型产品中性价比高 4.通过投屏器几乎覆盖所有手机型缺点: 1.仔细看还是有 点点颗粒的, 虽然不细看几乎看不出来 镜片色彩偏灰白。色彩不够细腻。跟直接手机看色彩偏 差对比看就出来了 2.观看电影四角有切边 看电影四个角显示不全 还不能调整 3.戴耳机在没有声音时有轻微类似电流声的噪声 4.接入家里网络后无法配置同屏器蓝牙设置; 每次得重置设置好蓝牙重新在联网。设计不合理且蓝展开 舟舟之星 还不错",1.0,千幻魔镜 XR评论.csv
2021-02-07,"优点: 1.轻便 2.近视眼不用戴眼镜可以0-700度调好用直接看 3.20和30观看确实有影院般的感觉 新颖有创意的产品。同类型产品中性价比高 通过投屏器几乎覆盖所有手机型缺点: 1.仔细看还是有 点点颗粒的, 虽然不细看几乎看不出来 镜片色彩偏灰白, 色彩不够细腻。跟直接手机看色彩偏 差对比看就出来了 2.观看电影四角有切边 看电影四个角显示不全; 还不能调整 3.戴耳机在没有声音时有轻微类似电流声的噪声 4.接入家里网络后无法配置同屏器蓝牙设置 每次得重置设置好蓝牙重新在联网。设计不合理且蓝展开 客服为您解答。我们将竭诚为您服务 还不错",1.0,千幻魔镜 XR评论.csv
2020-12-23,不怎么好用 嘿嘿他爹,0.7,千幻魔镜 XR评论.csv
2021-03-06,"般般。 舒适度: -般 操作难易:  是容易操作。 其他犄色: -张红包卡买了多少好评? 可以联系这边在线客服为您处理的哈。咱们的V都 是经过了严格的出厂检测, 的。产品出货量巨大; 用户普通反馈也都不错的, AIO8巨幕观影眼镜不限制手机型号 不限制任何APP, 可以看 小说;刷抖音。看电影都可以的。多多体验。相信会爱上它。感谢您的支持和理解。",0.0,千幻魔镜 XR评论.csv
2026年2月13日,新款首发非常真实。很震撼。孩子超级喜欢。过年礼物!,1.0,千幻魔镜20代vr评论.csv
2026年1月21日,升级巨幕戴着很舒服。画面也很清晰。,1.0,千幻魔镜20代vr评论.csv
2026年1月29日,升级巨幕非常好。第一次购买这款。立体感好。跟电影院一样很满意。好评!,1.0,千幻魔镜20代vr评论.csv
2025年12月31日,版新款首发,0.56,千幻魔镜20代vr评论.csv
2026年2月26日,新款首发我是拿来看岛国的VR动作片的。,0.59,千幻魔镜20代vr评论.csv
2026年2月13日,升级巨幕很不错。物流挺快的。看30电影也不错。虽然没有电影院那种感觉。但是也很不好了!很棒。做工很好。没有瑕疵!,1.0,千幻魔镜20代vr评论.csv
2026年2月4日,升级巨幕实物与描述相符。使用简单方便效果好。客服解答快捷高效,0.59,千幻魔镜20代vr评论.csv
2026年2月1日,新款首发产品质量不错。音效很好。画面清晰VRSHIN-CON,1.0,千幻魔镜20代vr评论.csv
2026年1月7日,升级巨幕,0.63,千幻魔镜20代vr评论.csv
2026年1月20日,新款首发物超所值呢。孩子特别喜欢。拿到就上手了当天追评:  真的是十分喜欢。,1.0,千幻魔镜20代vr评论.csv
2026年2月10日,新款首发整体来说还不错。期待迸一步试用,0.99,千幻魔镜20代vr评论.csv
2026年2月10日,新款首发不错。好好好。很容易就上手了,0.96,千幻魔镜20代vr评论.csv
2026年2月9日,新款首发很实用。很好用。五星好评!,0.88,千幻魔镜20代vr评论.csv
2026年2月6日,己购:  千幻魔镜VR-官方标配版送三重豪效果特别真实。非常好。点赞,0.99,千幻魔镜20代vr评论.csv
2026年1月30日,新款首发对第一次玩的我来说挺不错的。让人眼前焕然一新,0.99,千幻魔镜20代vr评论.csv
2026年1月24日,升级巨幕收到就立马试了下。非常不错。质量也好,0.71,千幻魔镜20代vr评论.csv
2026年1月24日,身临其境,0.81,千幻魔镜20代vr评论.csv
2025年12月23日,版新款首发,0.56,千幻魔镜20代vr评论.csv
2026年1月1日,身临其境收到产品真的感觉不错,0.94,千幻魔镜20代vr评论.csv
2026年1月23日,东西到了。看着还不错,0.91,千幻魔镜20代vr评论.csv
2026年2月9日,己购:  千幻魔镜VR-官方标配版送三重豪操作很简单。显示效果很好。还能调节近视度数,0.99,千幻魔镜20代vr评论.csv
2025年12月13日,版升级巨幕,0.66,千幻魔镜20代vr评论.csv
2025年12月13日,"版升级巨幕物流很快,一天就到了,货物很清楚。值得购买",0.94,千幻魔镜20代vr评论.csv
2025年12月13日,版升级巨幕感觉挺好的。还得摸索摸索。主要是找找资源;,0.89,千幻魔镜20代vr评论.csv
2026年1月26日,升级巨幕全是一个高科技眼镜。需要手机来支持基本功能。,0.95,千幻魔镜20代vr评论.csv
2025年12月9日,"已购: VR热榜[9596用户选择]千幻19代官方沉浸版身临其境到货后体验了一把。非常不错。体感很不错。结合手柄。很多功能让人眼花缭乱,很棒棒。",1.0,千幻魔镜20代vr评论.csv
2025年12月27日,版新款首发,0.56,千幻魔镜20代vr评论.csv
2025年12月27日,版新款首发产品质量很好,0.79,千幻魔镜20代vr评论.csv
2026年2月15日,非常好。很喜欢。戴着很舒服,1.0,千幻魔镜20代vr评论.csv
2025年12月2日,升级巨幕,0.63,千幻魔镜20代vr评论.csv
2026年2月1日,升级巨幕做工确实精细。看着很舒服。,1.0,千幻魔镜20代vr评论.csv
2026年1月14日,升级巨幕产品质量好。客服回复及时,0.04,千幻魔镜20代vr评论.csv
2025年12月24日,版升级巨幕质量好。实用,0.85,千幻魔镜20代vr评论.csv
2025年11月11日,版新款首发VR。 玩游戏。看电影。真不错。值得购买。赞赞赞,1.0,千幻魔镜20代vr评论.csv
2026年1月10日,新款首发非常好。清晰度高。耳机音效也不错,0.92,千幻魔镜20代vr评论.csv
2025年11月26日,版升级巨幕,0.66,千幻魔镜20代vr评论.csv
2026年2月1日,升级巨幕商品很好 客服很耐心,0.57,千幻魔镜20代vr评论.csv
2025年12月31日,版新款首发货到了试试效果再追评。,0.61,千幻魔镜20代vr评论.csv
2025年11月22日,己购:  2025探索款-千幻19代官方电玩版升级巨幕商品非常好用。外观也好看。物流也快。小孩子很喜欢,1.0,千幻魔镜20代vr评论.csv
2025年11月19日,版新款首发客户指导很热情,0.88,千幻魔镜20代vr评论.csv
2025年11月24日,"9代官方沉浸版身临其境不错哦。看电影电视很清晰,很喜欢。很不错",1.0,千幻魔镜20代vr评论.csv
2025年11月30日,版升级巨幕效果还可以,0.78,千幻魔镜20代vr评论.csv
2025年11月27日,版升级巨幕挺好的。好用又实用。外观造型也很好看。,1.0,千幻魔镜20代vr评论.csv
2025年11月8日,升级巨幕质量很好。观看效果也不错,0.99,千幻魔镜20代vr评论.csv
2025年10月27日,版新款首发,0.56,千幻魔镜20代vr评论.csv
2025年10月14日,"版新款首发超高清。物有所值。建议入手,耳机音效不错。下载爱奇艺VR看了头号玩家把我震撼到了。还有很多游戏可以玩。客服服务很好。耐心解答",1.0,千幻魔镜20代vr评论.csv
2025年12月23日,版升级巨幕买了孩子很喜欢,0.95,千幻魔镜20代vr评论.csv
2025年11月8日,新款首发这个价格来说还不错,0.95,千幻魔镜20代vr评论.csv
2025年12月15日,版升级巨幕很不错 '物有所值,0.91,千幻魔镜20代vr评论.csv
2025年11月16日,版升级巨幕试用了几天满意好评!,0.69,千幻魔镜20代vr评论.csv
2025年10月31日,己购:  2025探索款-千幻19代官方游戏版升级巨幕产品质量很好。我儿子很喜欢。真的非常的好玩,1.0,千幻魔镜20代vr评论.csv
2025年12月10日,版新款首发服务很周到。很细心,1.0,千幻魔镜20代vr评论.csv
2025年12月9日,升级巨幕非常喜欢。很好看!,0.94,千幻魔镜20代vr评论.csv
2025年11月20日,己购:  2025探索款-千幻19代官方标配版升级巨幕刚收到。试了一下。效果比想象的好,0.97,千幻魔镜20代vr评论.csv
2025年10月30日,己购:  2025探索款-千幻19代官方影院版升级巨幕质量很好。服务也很好当天追评:  质量确实不错。值得入手,1.0,千幻魔镜20代vr评论.csv
2025年9月27日,升级巨幕货已收到。打开看实物不错。高端大气上档次。客服服务到位。有问有答。还发视频怎用怎操作。赞一个!,1.0,千幻魔镜20代vr评论.csv
2025年10月28日,版升级巨幕,0.66,千幻魔镜20代vr评论.csv
2025年10月27日,己购:  2025新年款-千幻20代官方沉浸版新款首发晰。没有头军的感觉。可以用。,0.97,千幻魔镜20代vr评论.csv
2025年10月6日,新款首发小朋友很喜欢。质量也很好。画面感清楚,0.99,千幻魔镜20代vr评论.csv
2025年11月2日,已购: VR热榜[9596用户选择]千幻19代官方沉浸版身临其境非常不错质量很好。游戏多。非常清楚。不模糊,1.0,千幻魔镜20代vr评论.csv
2025年10月29日,版新款首发很好用看的很清晰不错,1.0,千幻魔镜20代vr评论.csv
2025年11月7日,新款首发质量非常好玩的不亦乐乎非常开心。,0.98,千幻魔镜20代vr评论.csv
2025年11月7日,VR热榜[9596用户选择]千幻19代官方沉浸版身临其境商品挺好的。对得起这个价格,1.0,千幻魔镜20代vr评论.csv
2025年10月9日,代官方沉浸版身临其境客服讲解耐心及时。,0.99,千幻魔镜20代vr评论.csv
2025年10月13日,己购:  2025探索款-千幻19代官方游戏版升级巨幕,1.0,千幻魔镜20代vr评论.csv
2025年10月2日,升级巨幕效果很好。佩戴舒适。值得入手哦,1.0,千幻魔镜20代vr评论.csv
2025年11月2日,身临其境,0.81,千幻魔镜20代vr评论.csv
2025年9月26日,已购: VR热榜[9596用户选择]千幻19代官方沉浸版身临其境不错。使用方便。内容丰富可玩性高。东西还不错。,1.0,千幻魔镜20代vr评论.csv
2025年9月24日,新款首发很不错。用着非常棒。值得购买很不错。用着非常棒。没有任何不适感。这个价位能买到这样的东西,1.0,千幻魔镜20代vr评论.csv
2025年9月24日,"升级巨幕VR眼镜质量不错。图像视频画质清晰,30效果不错,赞一个!",1.0,千幻魔镜20代vr评论.csv
2025年9月15日,新款首发,0.53,千幻魔镜20代vr评论.csv
2025年9月18日,新款首发,0.53,千幻魔镜20代vr评论.csv
2025年10月5日,己购:2025新年款-千幻20代官方影院版新款首发画质非常清晰也不炫晕,0.87,千幻魔镜20代vr评论.csv
2025年10月31日,9代官方沉浸版身临其境感觉挺好玩的,1.0,千幻魔镜20代vr评论.csv
2025年9月23日,新款首发质量很好 非常好玩拿到手就已经迫不及待开始倒腾了很有乐趣画面很,1.0,千幻魔镜20代vr评论.csv
2025年10月1日,新款首发质量可以。客服满意!,0.15,千幻魔镜20代vr评论.csv
2025年9月12日,已购: VR热榜[9596用户选择]千幻19代官方沉浸版身临其境到货就迫不及待的打开玩了。很好。孩子超级喜欢,1.0,千幻魔镜20代vr评论.csv
2025年9月11日,"新款首发这个Vr眼镜体验感真的很不错。第一人称视角。真的身临其境一样,特别*真",1.0,千幻魔镜20代vr评论.csv
2025年10月4日,新款首发,0.53,千幻魔镜20代vr评论.csv
2025年9月18日,升级巨幕,0.63,千幻魔镜20代vr评论.csv
2025年9月14日,新款首发质量好。好用。还可以玩游戏,0.94,千幻魔镜20代vr评论.csv
2025年9月14日,身临临其境孩子挺喜欢,0.94,千幻魔镜20代vr评论.csv
2025年9月29日,己购:  2025探索款-千幻19代官方影院版升级巨幕挺好用的v眼镜盒子。适合尝鲜。,0.99,千幻魔镜20代vr评论.csv
2025年9月19日,新款首发,0.53,千幻魔镜20代vr评论.csv
2025年9月6日,"官方沉浸版身临其境入手这款VR眼镜之后。我的生活娈得超级精彩!以前周末不是刷手机就是追剧。现在有了它。我就像打开了新世界的大门! 它的画面清晰得离谱。看电影的时候。细节满满。每一帧都像是在眼前发生。玩游戏更是爽到飞起。那种身临其境的感觉。让我完全沉浸其中。和队友一起冲锋陷阵。仿佛自己就是游戏里的主角!佩戴起来也很舒服。轻巧不压头;戴久了也不会觉得累。操作特别简单。小白也能轻松上手。而且它的内容资源超丰富。不管是热门大片。小众文艺片,还是刺激的射击游戏",1.0,千幻魔镜20代vr评论.csv
2025年9月21日,质量很好。客服也很贴心,0.95,千幻魔镜20代vr评论.csv
2025年9月14日,升级巨幕质量非常好,0.72,千幻魔镜20代vr评论.csv
2025年9月13日,"己购:  2025探索款-千幻19代官方影院版升级巨幕用着还行,如果说怎么的行。就是还行。",1.0,千幻魔镜20代vr评论.csv
2025年9月26日,服务很好,0.77,千幻魔镜20代vr评论.csv
2025年9月8日,升级巨幕质量很好。很好玩,0.97,千幻魔镜20代vr评论.csv
2025年9月5日,新款首发还不错当天追评:  用着还行,0.78,千幻魔镜20代vr评论.csv
2026年1月27日,"己购:  2025探索款-千幻19代官方影院版升级巨幕第一次看VR视频。确实和一般的视频不太一样!以前看那些年轻人在商场里玩VR游戏。花游戏币。今天真的体验到了,分享一下我的心得:  首360度的画面。然后就是手机亮度要适当的调暗一些。声音也可以外放。不插耳机线。头部要旋转的慢一些。不然可能会出现头晕。然后就是要适当的使用。不然会脱离现实!每天使用个10~15分钟基本就ok了!好了,基本上就这些。",0.98,千幻魔镜20代vr评论.csv
2025年11月11日,版新款首发,0.56,千幻魔镜20代vr评论.csv
2026年2月28日,"新款首发颜值在线。白色款看着不廉价。重点是轻便。戴一天都不累。耳机集成在上面。省去了额外戴耳机的麻烦。画质清晰没重影。近视党也不用额外戴眼镜。调节很方便。不管是看30大片,还是打发时间玩小游戏。体验都挺顶的。男生拿来放松。追剧。玩个VR游戏。完全够用。性价比直接拉满。值得冲!",1.0,千幻魔镜20代vr评论.csv
2026年2月19日,升级巨幕收到了。质量很好。刚开始玩还不太会玩。客服态度很好。性价比很高。好评趟**孑,0.74,千幻魔镜20代vr评论.csv
2025年9月9日,"新款首发这次购物体验超棒,商品性价比高。质量优秀。物流高效快捷。商家服务周到。售后完善。",1.0,千幻魔镜20代vr评论.csv
2025年9月4日,新款首发收到货后试了一下。很不错。质量很好。值得拥有!五星好评!,0.98,千幻魔镜20代vr评论.csv
2025年11月29日,"版新款首发商品质量很好。与描述完全一致。使用效果满意卖家服务态度热情,发货迅速。物流给力。包装严实无破损。性价比高。物超所值。非常愉快的购物体验。会回购!",1.0,千幻魔镜20代vr评论.csv
2025年9月7日,该用户觉得商品非常好。给出好评当天追评:  这次购物体验很棒!商品质量很好。卖家服务态度热情周到;发货速度快。非常满意。做工精细;看电影像在影院!,1.0,千幻魔镜20代vr评论.csv
2025年10月26日,版新款首发产品质量超棒。做工精细且耐用。与描述完全相符。物流快速。下单没几天就收到了。客服服务周到。有问必答。性价比超高。值得购买。当天追评:  强烈推荐给大家!,1.0,千幻魔镜20代vr评论.csv
2025年11月9日,"新款首发商品品质非常有保障,使用过程中没有出现过任何问题。非常满意。",0.99,千幻魔镜20代vr评论.csv
2026年1月10日,升级巨幕该用户觉得商品非常好。给出好评,0.38,千幻魔镜20代vr评论.csv
2026年2月21日,"非常棒,全新正品。专卖店买的放心 !喜欢pico, 希望pic0能大卖下去!当天追评:  颜值很高。非常棒。国内VR畅销款。控制手柄比4更轻了。值得推荐!喜欢玩VR的可以下手。很多国人在玩。",1.0,PICO4Ultra VR眼镜全景智能游戏设备评论.csv
2026年2月27日,"做工很好。而且比想象中轻巧。戴在头上不会觉得很重。可玩性高。支持很多app, 小朋友很喜欢! 配的收纳包便携性也好。出门携带方便!",1.0,PICO4Ultra VR眼镜全景智能游戏设备评论.csv
2025年12月28日,作业就玩了还能运动刷抖音。还有很多功能等待我去发现! -次很好的购物体验匿名买家,0.81,PICO4Ultra VR眼镜全景智能游戏设备评论.csv
2026年2月14日,产品收到。目视不错。开玩!,0.74,PICO4Ultra VR眼镜全景智能游戏设备评论.csv
2025年12月28日,用着。期待连接能稳定些。等过几天使用后再来追评,0.2,PICO4Ultra VR眼镜全景智能游戏设备评论.csv
2025年12月21日,己购:  先锋版 [品牌补贴减300+返120红包+咨询有惊喜]非常好。买的也是自己心怡的产品。卖家的服务也好。良心商家。值得回购!售后服务也一定会好的2天后追评: 非常好非常好非常好非常好非常好非常好非常好非常好非常好非常好非常好非常好非常好非常好非常好非常好非常好非常好,0.99,PICO4Ultra VR眼镜全景智能游戏设备评论.csv
2025年12月21日,非常好。是自己心怡的产品。卖家的服务态度也好。值得回购。以后的售后服务也一定会做的更好,0.99,PICO4Ultra VR眼镜全景智能游戏设备评论.csv
2026年2月14日,体验不错第一次接触Vr和mr。,0.94,PICO4Ultra VR眼镜全景智能游戏设备评论.csv
2025年11月26日,"己购:  运动PLUS版 [直降300+88会员券减460+限时返170红包]娃商场买卡玩了一段时间。发现喜欢VR眼镜的游戏。每次排队很久,看了商场机器的品牌。乘双11活动下单买个给娃家里玩。机器很不错哈。玩了快一周了。大人也觉得很不错。下载了爱奇艺。观影场景拉满。重看了一遍东极岛!还有很多配件。腰部和腿部。还送了充电器和",1.0,PICO4Ultra VR眼镜全景智能游戏设备评论.csv
2025年12月20日,非常好看。像看大片一样。玩了一下拳击。就消耗了100卡路里。玩了一下游戏。好像周边都很真实一样。太棒了。买迟了。,1.0,PICO4Ultra VR眼镜全景智能游戏设备评论.csv
2025年11月17日,己购:  运动版 [直降300+88会员券减440+限时返120红包]1.双目4K屏+MR虚实融合。性能流畅佩戴舒适。办公娱乐双场景皆能带来沉浸体验。2.骁龙XR2 Gen2加持。空间视频与多窗口实用。轻量化设计让长时间使用无负担。,1.0,PICO4Ultra VR眼镜全景智能游戏设备评论.csv
2025年11月24日,己购:  运动PLUS版 [直降300+88会员券减460+限时返170红包],0.01,PICO4Ultra VR眼镜全景智能游戏设备评论.csv
2025年11月9日,超级棒的商家。服务特别好。客服非常专业。全新未拆封。主要买来观影。尤其是出差多的。特别值!躺在动卧上大屏看电影。真爽。,0.92,PICO4Ultra VR眼镜全景智能游戏设备评论.csv
2025年11月21日,国补减440+限时返120红包]产品已经收到。操作简单易上手。画面清晰流畅犹如身临其境。店家还能根据用户要求免费提供近视镜片。非常满意此次购物体验。,1.0,PICO4Ultra VR眼镜全景智能游戏设备评论.csv
2025年11月21日,怎么样。还算不错的,0.9,PICO4Ultra VR眼镜全景智能游戏设备评论.csv
2025年12月15日,可以很好用。带着锻炼比跑步机有意思8天后追评: PICO4U画质清晰流畅。沉浸感拉满!佩戴舒适不压头。游戏观影都超爽。性价比绝了~4K+超视感屏太惊艳。操作灵敏无延,1.0,PICO4Ultra VR眼镜全景智能游戏设备评论.csv
2025年11月14日,"抱着试一试的心态购买的。没想到体验超出了预期。上手简单。操作精准。带在头上没有太大的负担。看起来眼睛也不会感觉特别累。自带应用和商店资源比较丰富。安装方便。发货快。包装靠谱,客服也很到位。现阶段最大的问题应该还是显示清晰度不够。颗粒感和纱窗效应较重。属于玩游戏不错。看视频效果一般。而且戴眼镜感觉会有炫光。不知道用镜片是否有改善。总的来说算是一个不错的科技玩具。希望下一代更好。",1.0,PICO4Ultra VR眼镜全景智能游戏设备评论.csv
2025年11月10日,的活动力度是卖同样产品的这几家最大的。买这家就对了。客服太阳花最棒了 !,0.24,PICO4Ultra VR眼镜全景智能游戏设备评论.csv
2025年11月8日,"VrC这星空地图的暗部细节。远处暗星云里藏的小星点。凑近了能看清轮廓。不会糊成黑块。我蜷腿坐在虚拟小行星上仰着看。设备重量压在脸上没什么坠感。连保持抬头的姿势都比预期轻松太多。沉浸感和佩戴友好度都能打。性能也不错。赶得上高端手机了,用起来这个杜比",1.0,PICO4Ultra VR眼镜全景智能游戏设备评论.csv
2025年11月13日,"MR功能确实让人眼前一亮。通过把现实环境投在眼镜里也让使用的过程增加了相当的科幻感。游玩体验也还不错。电脑的串流也很方便,非常便利好上手。",1.0,PICO4Ultra VR眼镜全景智能游戏设备评论.csv
2025年11月13日,己购:  运动PLUS版 [直降300+88会员券减460+限时返170红包],0.01,PICO4Ultra VR眼镜全景智能游戏设备评论.csv
2025年11月13日,"PICO4Ul真的超出预期。画质清晰细腻。只要适应了。游戏。观影都超沉浸。我为设备加上舒适配置。更nice, 给大家看看。",1.0,PICO4Ultra VR眼镜全景智能游戏设备评论.csv
2025年12月16日,玩到停不下来。佩戴还比较舒服。戴了一个多小时也不觉得头军。佩戴轻巧舒适。久玩不累。4K+高清画面沉浸感强。配合精准的手柄追踪和震动反馈。游戏交互真实流畅。体验出色。都在里面,1.0,PICO4Ultra VR眼镜全景智能游戏设备评论.csv
2025年11月21日,国补减490+限时返170红包]试下玩下新的游戏,0.73,PICO4Ultra VR眼镜全景智能游戏设备评论.csv
2025年11月21日,己购:  运动PLUS版国补减490+限时返170红包]真的超出预期。不用每天下楼跑步了。可以在家里锻炼了试下玩下新的游戏,0.18,PICO4Ultra VR眼镜全景智能游戏设备评论.csv
2025年11月21日,非常强大的产品。看片神器很清晰都不用去电影院了。游戏效果很真实。应该找点买这家产品几个最实惠。选择这一家没错。一次还来!,1.0,PICO4Ultra VR眼镜全景智能游戏设备评论.csv
2025年11月15日,第一台r眼镜。实际玩起来太有感觉了除了鼻子有些漏光以外。游戏真好玩。拼图真好玩。足不出门看imax电影针不戳。,0.72,PICO4Ultra VR眼镜全景智能游戏设备评论.csv
2025年11月6日,己购:  先锋版 [直降300+88会员券减410+限时返120红包],0.0,PICO4Ultra VR眼镜全景智能游戏设备评论.csv
2025年11月10日,"己购:  运动PLUS版 [直降300+88会员券减460+限时返170红包]给家里小孩买的,到货很快, 相较于quest需要科学上网这个还是对小孩比较友好,不用那么复杂。",0.81,PICO4Ultra VR眼镜全景智能游戏设备评论.csv
2025年11月10日,东西收到了打开之后蛮不错的 客服态度也好好有什么不懂的立马就解答了 毕竟惊艳的喜欢Yx*p,0.48,PICO4Ultra VR眼镜全景智能游戏设备评论.csv
2025年11月1日,己购:  先锋版 [直降300+88会员券减410+限时返120红包]Pico 4 Ultra太惊艳! mr画面流畅。巨幕观影超沉浸。多窗口办公高效。佩戴还舒服。科技感拉满!游戏也不少。画面比4更清晰!,1.0,PICO4Ultra VR眼镜全景智能游戏设备评论.csv
2025年11月13日,双11挑了很久;,0.82,PICO4Ultra VR眼镜全景智能游戏设备评论.csv
2025年11月13日,"全能PLUS版 [直降300+88会员券减490+限时返120红包]双11挑了很久;AR,93和pico之间来回下单撤单,最终选定pico4u, 今天到货试机到现在。很满意, 比hw vrglass好太多!生态资源丰富。显示效果不错,vr感强悍!双11优惠力度也大。赠品多。满意满意。剩下再慢慢研究了!最后感谢客服了哦。无论任何问题。都有问快速响应。热情周到。物流包装都很",0.99,PICO4Ultra VR眼镜全景智能游戏设备评论.csv
2025年11月15日,该用户未填写评价内容,0.1,PICO4Ultra VR眼镜全景智能游戏设备评论.csv
2025年11月4日,己购:  先锋版 [直降300+88会员券减410+限时返120红包],0.0,PICO4Ultra VR眼镜全景智能游戏设备评论.csv
2025年11月7日,己购:  先锋版 [直降300+88会员券减410+限时返120红包]到手了。一次很不错的体验。玩法很多样。很新鲜。送的收纳盒也是很方便。值得购买CO4@,0.97,PICO4Ultra VR眼镜全景智能游戏设备评论.csv
2025年11月24日,"己购:  全身运动版 [直降300+88会员券减500+限时返170红包]pico用起来挺省心,愿意折腾的话。硬件素质也不差。不过近视的朋友还是需要自己整一个镜片,不用薄的。和整体重量相比不值一提。全追踪器套装其实没有太大的必要,一般买三追踪器就行。",0.0,PICO4Ultra VR眼镜全景智能游戏设备评论.csv
2025年11月2日,富。相信后面会越来越好的!,0.77,PICO4Ultra VR眼镜全景智能游戏设备评论.csv
2025年11月2日,机身轻巧佩戴舒适。4K屏幕观影沉浸感极强。游戏感真实顺畅。双十一优惠加88会员国补。性价比还行。,1.0,PICO4Ultra VR眼镜全景智能游戏设备评论.csv
2025年10月25日,PICO 4堪称入门级VR标杆!2958轻量化机身搭配平衡配重。久戴不闷不累。戴眼镜也能通过磁吸支架舒适适配。4K级画质与1059视场角带来影院级沉浸感。手柄追踪精准。游戏健身都流畅。生态丰富性价比高。新手闭眼入不亏。,1.0,PICO4Ultra VR眼镜全景智能游戏设备评论.csv
2025年10月25日,己购:  先锋版 [直降300+88会员券减410+限时返300红包]东西不错。不一样的体验。很好看。很好玩。推荐。物流很快。客服态度好。推荐。送的游戏也领到了。推荐。,0.47,PICO4Ultra VR眼镜全景智能游戏设备评论.csv
2025年11月10日,"己购:  先锋版 [直降300+88会员券减410+限时返300红包]新买的VR设备。打开新世界大门,看电影特别爽。显示效果不错。身临其境的感觉。就是现在资源不多。需要找找。玩游戏的话串流可以玩很多steam VR大作。游戏效果不错",1.0,PICO4Ultra VR眼镜全景智能游戏设备评论.csv
2025年10月24日,"己购:  运动PLUS版 [直降300+88会员券减460+限时返300红包]新买的VR, 孩子爱不释手可以看很多纪录片,身临其境的感觉非常新奇。而且还是促销阶段。非常值得。感谢客服的耐心回答。还有商家赠送的几个游戏。接下来几天。有很多功能有待熟悉。到时一定能有更多惊喜。",1.0,PICO4Ultra VR眼镜全景智能游戏设备评论.csv
2025年10月31日,玩了两夭感觉还是不错的 达到了预期活动买的也挺划算串流设置好了后面打开就连上了非常方便送了几个游戏 挺震撼的就是晕30比较严重总体的话这个价格买的算是可以了,1.0,PICO4Ultra VR眼镜全景智能游戏设备评论.csv
2025年10月23日,pico从一代买到了四代。清晰度有了大幅提升。反应更快。游戏娱乐方式更多。更有可玩性。最让人惊喜的是。这家买的真心合算。单机的,1.0,PICO4Ultra VR眼镜全景智能游戏设备评论.csv
2025年10月30日,"己购:  运动版 [直降300+88会员券减440+限时返120红包]亲测还不错。和博物馆用的机型一样,目前感觉Vr大有可为。暗黑之剑挺好玩的。作为一名VR设备深度用户,今天要给大家安利这款让我彻底惊艳的PIC04 Ultra! 它不仅是一台VR眼镜。更是一个集影音娱乐。健身运动。办公学习于一体的全能设备。",0.99,PICO4Ultra VR眼镜全景智能游戏设备评论.csv
2025年11月1日,"己购:  先锋版 [直降300+88会员券减410+限时返300红包]非常好用。效果很好,会回购1天后追评:  真的真的非常好用呢。性能很好。效果超极棒。感觉似乎把私人影院搬到了家里。真的非常喜欢。好用可冲。",0.93,PICO4Ultra VR眼镜全景智能游戏设备评论.csv
2025年10月27日,"不错。第二次买了,如既往的给力。只有尝试了才知道是多奇妙的体验。用这个看电影。玩游戏都特别给力。效果相当震撼,如果能享受",1.0,PICO4Ultra VR眼镜全景智能游戏设备评论.csv
2025年10月27日,己购:  运动PLUS版 [直降400+限时券减150+关注券减50+咨询再减]不错。第二次买了;一如既往的给力。只有尝试了才知道是多奇妙的体验。用这个看电影。玩游戏都特别给力。效果相当震撼;如果能享受到国补就更好了。,1.0,PICO4Ultra VR眼镜全景智能游戏设备评论.csv
2025年11月3日,己购:  运动PLUS版 [直降300+88会员券减460+限时返300红包]眼镜收到了。看着还不错。等老公出差回来玩。送他的生日礼物。锻炼身体健身。应该不错。客服态度好。有问必答。,0.91,PICO4Ultra VR眼镜全景智能游戏设备评论.csv
2025年10月25日,配件很多。画面还不错。沉浸感很好。很新奇的体验。期待后续更多Vr游戏和vr视频的内容。自己玩或者送朋友当礼物都很喜欢,1.0,PICO4Ultra VR眼镜全景智能游戏设备评论.csv
2025年10月18日,东西挺好。物流发货速度快。性价比很高。这次国补还有双11活动购买的人mr比起苹果性价比很高!,1.0,PICO4Ultra VR眼镜全景智能游戏设备评论.csv
2025年11月2日,"己购:  先锋版 [直降500+88会员券减390+限时返120红包]PICO清晰度很高。应用也很多,玩起来不错。很值得一玩。看电影打游戏都很厉害。给点个赞~~~",0.99,PICO4Ultra VR眼镜全景智能游戏设备评论.csv
2025年10月27日,"佩戴舒适沉浸感强。游戏影音都很棒,就是内容生态还需更丰富些。",1.0,PICO4Ultra VR眼镜全景智能游戏设备评论.csv
2025年10月22日,己购:  运动PLUS版 [直降300+88会员券减460+限时返300红包]等降价等了很久大概半年吧为了玩Vrc买的 这次终于可以好好体验一次了因为由于所以没有最低价下单有点可惜不多终于可以好好享受了希望后续的生活越来多姿多彩,0.67,PICO4Ultra VR眼镜全景智能游戏设备评论.csv
2025年11月9日,"己购:  先锋版 [直降300+88会员券减410+限时返120红包]东西很nice, 几年前买过。现在新做出来的要迸步很多 ,尤其看3的影片。特别真实当天追评:  后续功能慢慢开发",0.13,PICO4Ultra VR眼镜全景智能游戏设备评论.csv
2025年10月24日,物流很快。开箱了看了看是全新的机器。用来看视频非常不错。送的VR游戏也很好玩。购物体验不错。,1.0,PICO4Ultra VR眼镜全景智能游戏设备评论.csv
2025年10月24日,己购:  全身运动版 [直降300+88会员券减500+限时返300红包]发货很快。两三天就到了当天追评:  收到货后试了一下。还可以看外面有点模糊不过我主要是用来玩游戏的,0.0,PICO4Ultra VR眼镜全景智能游戏设备评论.csv
2025年10月20日,己购:  先锋版 [直降400+88V1P券减150+关注券减50+咨询再减]很不错的眼镜。价格也很便宜。用着也不错。时间久了也很舒服。是一款性价比很高的眼镜。大小和重量刚刚好。操控也比较灵敏。,1.0,PICO4Ultra VR眼镜全景智能游戏设备评论.csv
2025年10月19日,"买了几天后才评价。东西没的说。送的赠品也不错。小小朋友的生日礼物,非常喜欢。还有很多功能。玩家可以自己慢慢开发!",0.94,PICO4Ultra VR眼镜全景智能游戏设备评论.csv
2025年10月29日,"己购:  先锋版 [直降300+88会员券减410+限时返120红包]PICO3的老用户了,这一代提升蛮大的物流也很快。价保双十一现在比较合适入手",0.85,PICO4Ultra VR眼镜全景智能游戏设备评论.csv
2025年10月11日,沉浸感很强。有氧运动神器。玩了一会就全身汗。游戏非常多。送的游戏还没玩透呢,0.97,PICO4Ultra VR眼镜全景智能游戏设备评论.csv
2025年10月22日,"己购:  先锋版 [直降300+88会员券减410+限时返300红包]你家的东西特别好。我比较喜欢。所以接着就购买了然后送的礼品也比较多,以后要买就买你们家的。而且总体的氛围感也很舒服。喜欢下次会继续买的。这是我第一次。后面可能还会带大家继续购买。",0.96,PICO4Ultra VR眼镜全景智能游戏设备评论.csv
2025年10月6日,头戴舒服;画面清晰。手柄跟手。一体机商店里游戏数量可观。而且无线串流也做得很好。串流PCVR游戏体验很好,1.0,PICO4Ultra VR眼镜全景智能游戏设备评论.csv
2025年10月22日,挺好玩的当天追评: MR透视清晰流畅。屏显升级。性能强劲。佩戴舒适。串流与交互体验出色。,1.0,PICO4Ultra VR眼镜全景智能游戏设备评论.csv
2025年10月12日,"体验效果不错。达到心里预期了,可以买。推荐入手。商家赠品还不错挺实用的。值得推家推荐左**糖左**糖",0.88,PICO4Ultra VR眼镜全景智能游戏设备评论.csv
2025年10月5日,"自用不折腾。正品。服务也不错。与图片描述的货一样,包用起来也没问题。放心购买",0.99,PICO4Ultra VR眼镜全景智能游戏设备评论.csv
2025年10月4日,东西昨天晚上下单。今天上午就收到了。玩了一下上午挺好玩的,0.9,PICO4Ultra VR眼镜全景智能游戏设备评论.csv
2025年9月11日,"这次购物非常棒。商品性价比超高。质量出色。物流高效快捷。商家服务贴心,售后完善。虚拟场景很有感觉。有在电影院看电影的感觉;游戏体验感也非常不错。自带了两个游戏。愤怒的小鸟和乒乓球物理效果*真",1.0,PICO4Ultra VR眼镜全景智能游戏设备评论.csv
2025年9月12日,首先安全下车其次ultra这个mr功能还蛮好的。对于vr小白来说很有安全感。不用害怕磕着碰着 客服服务态度蛮好的。有疑问必答。小白的我来说太需要了最近最喜欢玩拼图游戏一玩一小时都不觉得累,0.99,PICO4Ultra VR眼镜全景智能游戏设备评论.csv
2025年12月29日,商品没问题。我对商家客服非常不满意。定制眼镜数据不够。也不说。我两天以后再来问和我来句缺少数据。自己看图吧。想售后好点就换别家轴位左右58不足,0.0,PICO4Ultra VR眼镜全景智能游戏设备评论.csv
2025年10月31日,"己购:  运动版 [直降300+88会员券减440+限时返320红包]44天后追评:  左侧扬声器有问题。会有爆破杂音。虽然买来两个月,但没用几次Cx*7",0.0,PICO4Ultra VR眼镜全景智能游戏设备评论.csv
2025年10月26日,己购:  先锋版 [直降300+88会员券减410+限时返300红包]第一次下血本买这种消费品。20号下单。现在才有空看。体验过再来追评吧!现在买。这店还有国补。我买的时候没有。亏大发了。最好买运动版吧。价格相差不了多少。单买的话贵多了,0.0,PICO4Ultra VR眼镜全景智能游戏设备评论.csv
2025年10月16日,"到手挺失望的。分辨率清晰度还不如我几年前的二代ocolus, 舒适度和近视镜好评。但是画面太糊了真的很出戏。哎。就这样吧。",0.84,PICO4Ultra VR眼镜全景智能游戏设备评论.csv
2024年5月11日,己购:PICO4 1286畅玩版 [加送磁吸近视镜片+磁吸泡棉+5款正版游戏],0.01,PICO4Ultra VR眼镜全景智能游戏设备评论.csv
2024年9月11日,"款资源和平台都还行。希望资源能多移植其它平台优秀游戏。送的定制箱塑料味特大, MR一体机放过一次再带气味憧鼻子。希望能改迸下;以后有8K显示再来。",0.01,PICO4Ultra VR眼镜全景智能游戏设备评论.csv
2025年7月26日,非常好用!客服也很耐心产品超棒客服态度热情耐心。发货迅速,0.56,PICO4Ultra VR眼镜全景智能游戏设备评论.csv
2024年6月8日,合新人入坑,0.05,PICO4Ultra VR眼镜全景智能游戏设备评论.csv
2024年7月24日,已购: PICO4 2566畅玩观影版 (1观影硬盘+收纳包+近视镜片+泡棉+串流线+5款游戏]用了好久才来评价。画质真心不错。分辨率清晰。最近一直用它游戏健身。大热天不用下楼运动了。观影效果堪比影院。,1.0,PICO4Ultra VR眼镜全景智能游戏设备评论.csv
2025年4月24日,己购:  全能版 [加送镜片+包+体感追踪器+泡棉*1+正版VR游戏*9],0.61,PICO4Ultra VR眼镜全景智能游戏设备评论.csv
2024年12月15日,"第一次买这种VR眼镜。总体感受不错。挺新奇的,尤其是孩子比较喜欢。用这个看电影特别爽。巨幕电影。",1.0,PICO4Ultra VR眼镜全景智能游戏设备评论.csv
2024年6月29日,己购:PICO4 1286主机版 [加送磁吸近视镜片+1款正版游戏]用起来不错.真的有身临其境的感觉。推荐大家都来试一试。真的是不错的体验,1.0,PICO4Ultra VR眼镜全景智能游戏设备评论.csv
2025年6月21日,"之前一直想买VR体验一下高科技。对比多家。最终选择Pico, 加上618活动。各种福利加国补后非常优惠就果断剁手购买了。Oold @虎**特",1.0,PICO4Ultra VR眼镜全景智能游戏设备评论.csv
2024年10月31日,科技改娈生活。走在虚拟现实前沿。体验超过预期。赞一个!,1.0,PICO4Ultra VR眼镜全景智能游戏设备评论.csv
2024年6月13日,"已购: PICO4 1286畅玩版 [加送磁吸近视镜片+磁吸泡棉+5款正版游戏]舒适性。客服的迅速。准确的回答也为我提供了很大的帮助。最近购买的Pico 4 VR设备上。体验完全符合我对VR设备的预期。总的来说,这是一款非常出色的产品。各方面都很好地满足我的需求。",0.24,PICO4Ultra VR眼镜全景智能游戏设备评论.csv
2024年6月3日,"已购:PICO4 1286游戏版 [加送磁吸近视镜片+5款正版游戏]第一次购买Vr,体验很不错。 pico用起来很方便简单。不需要再去调试。生态也越来越好。用了快一个礼拜才来评价,体验确实不错。作为入门款很值了。 pico视频里面免费的资源就不少,推荐游戏款附带的游戏不错。尤其是多合一运动。这个可以说是必下的,一个就值了。客服也很好。回复及时有耐心。不错不错。",1.0,PICO4Ultra VR眼镜全景智能游戏设备评论.csv
2024年8月15日,己购:设备重量适中。穿戴还可以。可以配眼镜片磁吸上去。对近视人群比较友好。就是官配镜片有点厚。要是可以选择1.67。1.71薄的镜片规格配镜就好了。面罩部分磁吸快拆。很方便换配件。作为老一代产品画质还有上升空间。新产品上市了应该还会再买一个。,0.94,PICO4Ultra VR眼镜全景智能游戏设备评论.csv
2025年5月29日,"发货送货很快。包装严实。机器体验了下清晰度还可以 (给的使用教程不错) ,送的收纳包很不错就是大了点。机器其实本身不大。",1.0,PICO4Ultra VR眼镜全景智能游戏设备评论.csv
2024年9月4日,"已购: PICO4 Ultra 126+2566标准版比上一款轻。虚拟现实很好,就是看中虚拟现实才换的,赠送的腿部追踪可玩性更高了,画质什么的倒没什么提升还是老样子够用了。其他还需多体验体验",1.0,PICO4Ultra VR眼镜全景智能游戏设备评论.csv
2025年7月2日,不得不说。这价格能有这样的质量。真是让我又惊又喜。以后还来这家买!细节非常完美。整体来说真的很不错。性价比很高。下次还会继续光顾!,1.0,PICO4Ultra VR眼镜全景智能游戏设备评论.csv
2024年12月16日,"我最近入手了 Pick Ultra, 这小玩意儿真的太惊艳了!它的设计超级精致。握在手里很舒服。质感超棒。功能上更是没得说, [具体功能 1]反应灵敏。操作起来特别流畅, [具体功能2]的效果也远超我的预期。大大提高了我的[使用场景]效率。而且它的续航能力也不错。充一次电可以用很久。完全不用担心电量问题。之前我也用过其他类似产品。但 Pick Ultra 明显更胜一筹。无论是从性能还是从品质上来说。它都绝对值这个价。我已经把它推荐给身边的朋友了。真心推荐给大家!",1.0,PICO4Ultra VR眼镜全景智能游戏设备评论.csv
2024年11月13日,"己购:  运动版126+2566 [返现120+直降200+加送原装泡棉+近视镜片+体感追踪器+正版VR游戏*11]宝贝收到体验了两天还是不错的,没发现什么问题。有问题问客服太阳花都能及时回答。买的时候店铺还有抽奖活动。总体上性价比可以,推荐~",0.62,PICO4Ultra VR眼镜全景智能游戏设备评论.csv
2024年6月5日,己购:PICO4 1286游戏版 [加送磁吸近视镜片+5款正版游戏]买到就开始玩了;质量很好。游戏也可以玩。电视也可以看。功能很齐全。物流也很快非常满意。是一次非常满意的购物匿名买家,1.0,PICO4Ultra VR眼镜全景智能游戏设备评论.csv
2024年8月11日,己购:PICO4 1286游戏版 [加送便携收纳包+5款正版游戏]终于不用再为quest2**的上网方式抓狂了有惊喜。,0.99,PICO4Ultra VR眼镜全景智能游戏设备评论.csv
2025年7月21日,己购:  运动PLUS版 [参加国补再减700]头戴设置很舒服。大人小孩都可以带;画面清晰。动作流畅顺滑。手柄设计合理。科技感满满,1.0,PICO4Ultra VR眼镜全景智能游戏设备评论.csv
2024年8月5日,"己购: PICO4 1286游戏版 [加送便携收纳包+5款正版游戏]原装全新,非常好",0.99,PICO4Ultra VR眼镜全景智能游戏设备评论.csv
2024年5月24日,PICO4 1286主机版 [加送磁吸近视镜片+1款正版游戏]用了几天才来评价的。非常好的产品。不一样的感受。感恩卖家。感恩发明者和制造者。祝愿您们福慧双增。一切满愿!,1.0,PICO4Ultra VR眼镜全景智能游戏设备评论.csv
2025年6月12日,"终于入手了期待己久的VR设备开箱就被科技感十足的做工惊艳到了,佩戴舒适度超出预期。试玩了几个游戏。沉浸感简直绝了 -第一次体验时差点真的以为自己在另一个世界!画质清晰流畅。操作也很灵敏。最惊喜的是还能用来看30电影。家庭影院瞬间升级。客服解答问题特",1.0,PICO4Ultra VR眼镜全景智能游戏设备评论.csv
2024年11月7日,该用户觉得商品非常好。给出5星好评,0.13,PICO4Ultra VR眼镜全景智能游戏设备评论.csv
2024年6月17日,己购:PICO4 1286主机版 [加送磁吸近视镜片+1款正版游戏]质量非常好。与卖家描述的完全一致。非常满意;真的很喜欢。完全超出期望值。发货速度非常快。包装非常仔细。严实。运送速度很快;很满意的一次购物。,1.0,PICO4Ultra VR眼镜全景智能游戏设备评论.csv
2024年6月17日,"己购:PICO4 1286主机版 [加送磁吸近视镜片+1款正版游戏]质量非常好。与卖家描述的完全一致。非常满意,真的很喜欢。完全超出期望值。发货速度非常快。包装非常仔细。严实。运送速度很快,很满意的一次购物。",1.0,PICO4Ultra VR眼镜全景智能游戏设备评论.csv
2024年9月10日,商品收到了大人小孩都喜欢品牌质量保证没得说非常棒。体验感真的超级赞。感谢商家送给孩子的礼物客服态度很好耐心回复每一个细节。值得推荐的店铺PICO4 太好玩了。玩过才能体验。3D 影院。大量游戏。还有旅游游记。还要啥自行车。还去哪花钱旅游?,1.0,PICO4Ultra VR眼镜全景智能游戏设备评论.csv
2024年8月6日,已购:该用户觉得商品非常好。给出5星好评也**吧也**吧第一台VR设备。我才发现离了眼镜的世界虽然美丽而我却见不到。给了我一个自己的领域。让我放开了自己。特别好评弟**帝,0.49,PICO4Ultra VR眼镜全景智能游戏设备评论.csv
2024年5月25日,"没有想象中的那样好 我笔记本409019用官方串流软件 USB串流就一直在""噔噔噔噔""  的响那个提示音换了几个口都没用 用的也是附赠的线刚到的第二天WiFi勉强连上了也是58频而且是连在一起的玩alyx还会出现掉帧而且费电也太快了吧我满电无线串流玩 一个小时还没到电就要没了去找客服 客服让我去加技术人员Wx 然后技术人员又让我去咨询官方电话 这皮球让你们踢的无语了提出的建议说难听点是废话保在同一处WiFi下""""重装""拜托我都要玩VR了这些基**难道不清楚吗?  总之就是一时冲动买了实际操作起来也就那样Ok 我去试试",0.0,PICO4Ultra VR眼镜全景智能游戏设备评论.csv
2024年11月10日,己购:全能版126+2566 [直降200+加送近视镜片+收纳包+体感追踪器+泡棉+正版VR游戏*5]第一次体验VR眼镜。感觉很神奇。己经迫不及待的开始玩了,1.0,PICO4Ultra VR眼镜全景智能游戏设备评论.csv
2024年5月29日,已购: PICO4 PRO 5126主机版 [加送磁吸近视镜片+1款正版游戏]是看了很多款。选了这个。价位和设备综合性价比最高的。呆上稍微有点沉。很多画质效果一般。但是整体不错。很好玩。,1.0,PICO4Ultra VR眼镜全景智能游戏设备评论.csv
2026年2月27日,千幻蓝牙款 [纳米游戏版]  原装手柄这次购物非常愉快商品实惠好用。质量上乘物流迅速商家服48小务热情售后无忧。大促信用颜色分类羊**咩,1.0,千幻魔镜10代vr眼镜评论.csv
2026年2月27日,千幻蓝牙款 [纳米游戏版]  原装手柄这次购物非常愉快商品实惠好用。质量上乘物流迅速商家服48小时内发货务热情售后无忧。大促价保7天二信用卡支付颜色分类千幻魔镜旗舰款千幻旗舰款 [蓝光千幻旗舰款 [纳米三千幻旗舰款 [纳米=千幻旗舰款 [纳米羊**咩,1.0,千幻魔镜10代vr眼镜评论.csv
2026年2月27日,千幻蓝牙款 [纳米游戏版]  原装手柄这次购物非常愉快商品实惠好用。质量上乘物流迅速商家服48小时内发货务热情售后无忧。大促价保7天二信用卡支付颜色分类千幻魔镜旗舰款千幻旗舰款蓝光羊**咩,1.0,千幻魔镜10代vr眼镜评论.csv
2026年2月27日,千幻蓝牙款 [纳米游戏版]  原装手柄这次购物非常愉快商品实惠好用。质量上乘物流迅速商家服务热情售后无忧。48小时内发货大促价保7天二信用卡支付,0.99,千幻魔镜10代vr眼镜评论.csv
2026年2月27日,千幻蓝牙款 [纳米游戏版]  原装手柄这次购物非常愉快商品实惠好用。质量上乘物流迅速商家服务热情售后无忧。,1.0,千幻魔镜10代vr眼镜评论.csv
2026年2月12日,收到货就迫不及待的拆开使用了。效果不错。喜欢,0.93,千幻魔镜10代vr眼镜评论.csv
2026年2月12日,送朋友家孩子生日礼物。孩子特别喜欢。迫不及待的打开。有很多惊喜。值得购买!,1.0,千幻魔镜10代vr眼镜评论.csv
2026年1月29日,充电后再用。希望这款VR,0.47,千幻魔镜10代vr眼镜评论.csv
2026年2月2日,己购:  千幻旗舰款 [蓝光影视版]  遥控手柄,0.11,千幻魔镜10代vr眼镜评论.csv
2026年1月11日,千幻蓝牙款 [纳米观影版]  遥控手柄使用了一阵摸到了调整的门道。感觉用遥控器还不如用机子上的按键方便。机子效果还是不错的。清晰度和片源以及手机清晰度有关系。整体来说清晰度还是可以的。耳机效果也不错。看大片效果更好。,0.87,千幻魔镜10代vr眼镜评论.csv
2026年2月26日,己购:  千幻蓝牙款 [纳米梦幻全能版]  特价限东西看着还不错。还没有开始用,1.0,千幻魔镜10代vr眼镜评论.csv
2026年1月25日,该用户觉得商品非常好。给出好评当天追评:  第一次使用VR眼镜。看视频仿佛身临其境。很特别的感觉。产品,0.94,千幻魔镜10代vr眼镜评论.csv
2026年2月25日,体验不错。值得购买,0.98,千幻魔镜10代vr眼镜评论.csv
2025年12月21日,"己购:千幻旗舰款 [蓝光影视版]  遥控手柄很好,画面很清晰。佩戴非常方便。t**1",0.73,千幻魔镜10代vr眼镜评论.csv
2025年12月29日,好用蛮好用的,0.88,千幻魔镜10代vr眼镜评论.csv
2025年12月1日,这款产品很好。服务很周到。值得购买,1.0,千幻魔镜10代vr眼镜评论.csv
2025年12月2日,看视频很清晰。有身临其境的感觉。音质也不错。,1.0,千幻魔镜10代vr眼镜评论.csv
2025年12月6日,蓝光影视版]  遥控手柄,0.02,千幻魔镜10代vr眼镜评论.csv
2026年2月23日,收到货了。体验不错。好评奉上,0.27,千幻魔镜10代vr眼镜评论.csv
2026年2月10日,千幻旗舰款 [纳米科幻版]  送全能手柄宝贝很好游戏玩起来很过瘾,1.0,千幻魔镜10代vr眼镜评论.csv
2026年2月6日,蛮好。服务态度也不错。好评!,0.91,千幻魔镜10代vr眼镜评论.csv
2026年1月29日,蓝光影视版]  遥控手柄质量非常好。游戏挺丰富。体验感很好,0.65,千幻魔镜10代vr眼镜评论.csv
2025年12月16日,非常喜欢,0.7,千幻魔镜10代vr眼镜评论.csv
2025年12月30日,效果非常好。就是一定要看说明做。棒棒的!,1.0,千幻魔镜10代vr眼镜评论.csv
2025年11月16日,"拿到手的质感很好,说明很齐全。这个价位性价比很高。想入手VR的可以考虑这款",1.0,千幻魔镜10代vr眼镜评论.csv
2025年11月15日,产品收到  挺好用的,0.73,千幻魔镜10代vr眼镜评论.csv
2025年11月15日,在这个价位上东西确实挺不错的,0.99,千幻魔镜10代vr眼镜评论.csv
2025年12月12日,千幻旗舰款蓝光影视版]  遥控手柄挺不错的。佩戴舒适。不戴眼镜也能用,0.62,千幻魔镜10代vr眼镜评论.csv
2025年12月12日,质量很好。观影效果很好。客服服务好,0.92,千幻魔镜10代vr眼镜评论.csv
2025年11月8日,体验很好。真有种身临其境的感觉。包装很好,0.99,千幻魔镜10代vr眼镜评论.csv
2025年12月3日,千幻旗舰款 [蓝光影视版]  遥控手柄挺好的。性价比很高。近视也不影响T**8,0.99,千幻魔镜10代vr眼镜评论.csv
2025年12月20日,非常好。体验感好,0.92,千幻魔镜10代vr眼镜评论.csv
2025年11月1日,挺好用。达到了预期。客服也很热情。,0.69,千幻魔镜10代vr眼镜评论.csv
2025年11月15日,产品收到。好喜欢。就是想要的款式!孩子非常满意,0.94,千幻魔镜10代vr眼镜评论.csv
2025年11月3日,千幻蓝牙款 [纳米至尊版]  特价限量发货很快。送的配件很多。期待使用效果。,1.0,千幻魔镜10代vr眼镜评论.csv
2025年10月25日,己购:  千幻旗舰款 [纳米荣耀版]  送双手柄非常好看。孩子很喜欢当天追评:  很好看。孩子很喜欢,1.0,千幻魔镜10代vr眼镜评论.csv
2025年10月16日,"千幻旗舰款 [纳米荣耀版]  送双手柄客服很贴心,给了很多30视频和配套软件",1.0,千幻魔镜10代vr眼镜评论.csv
2025年10月15日,己购:  千幻蓝牙款 [纳米观影版]  遥控手柄给弟弟买的。很喜欢。在价格已经很不错了,1.0,千幻魔镜10代vr眼镜评论.csv
2025年10月28日,产品质量很好。客服服务态度好速度很快,0.77,千幻魔镜10代vr眼镜评论.csv
2025年11月4日,幻蓝牙款纳米科幻版特价限量挚**玉,1.0,千幻魔镜10代vr眼镜评论.csv
2025年9月5日,效果不错。佩戴也挺舒适。看30视频超有沉浸感。仿佛身临其境。手机适配,1.0,千幻魔镜10代vr眼镜评论.csv
2025年9月13日,千幻旗舰款 [纳米荣耀版]  送双手柄设备做的比较好。用料什么的比较扎实。质量很好。目前货物刚到手。正在,1.0,千幻魔镜10代vr眼镜评论.csv
2025年9月8日,"很满意。这回终于买了自己喜欢的设备了,很满意。客服也更有耐心",0.78,千幻魔镜10代vr眼镜评论.csv
2025年11月27日,商品质量超赞。价格美丽。物流快。商家服务优。售后完美!匿名买家,0.98,千幻魔镜10代vr眼镜评论.csv
2025年12月30日,该用户未及时主动评价。系统默认评价25天后追评:  垃圾。大垃圾!千万别买!买了就后悔,0.0,千幻魔镜10代vr眼镜评论.csv
2025年11月19日,试了一下。蓝牙连接比较方便。近视可以调节。用起来还是比普通的舒服。,0.83,千幻魔镜10代vr眼镜评论.csv
2025年10月16日,质量不错。服务不错。快递不送货上门很垃圾,0.48,千幻魔镜10代vr眼镜评论.csv
2025年11月2日,质量嗯好敏,0.47,千幻魔镜10代vr眼镜评论.csv
2026年2月28日,清晰度很好。孩子很喜欢。质量不错,0.99,千幻魔镜10代vr眼镜评论.csv
2026年2月28日,千幻旗舰款 [纳米科幻版]  送全能手柄非常不错,1.0,千幻魔镜10代vr眼镜评论.csv
2026年2月22日,该用户未填写评价内容,0.1,千幻魔镜10代vr眼镜评论.csv
2025年12月21日,质量杠杠的。试用了一下。效果不错。客服也很有耐心。物流也快,0.82,千幻魔镜10代vr眼镜评论.csv
2026年1月7日,不错的产品的。体验效果很不错呢。很有科技感。看电影画面清晰且护眼效,1.0,千幻魔镜10代vr眼镜评论.csv
2026年2月28日,不错的产品的。体验效果很不错呢。很有科技感。看电影画面清晰且护眼效果也很好。玩游戏挺刺激的。免费的游戏也很多。整体很满意。匿名买家,1.0,千幻魔镜10代vr眼镜评论.csv
2025年11月18日,R枪,0.69,千幻魔镜10代vr眼镜评论.csv
2026年3月1日,的感觉,0.55,千幻魔镜10代vr眼镜评论.csv
2026年3月1日,货收到 期待有个好体验不错当天追评:  很好喜欢,0.93,千幻魔镜10代vr眼镜评论.csv
2026年3月1日,该用户觉得商品非常好。给出好评,0.29,千幻魔镜10代vr眼镜评论.csv
2026年2月5日,"已购: Crystal Light  [赠近视镜片+猫超卡]物流发的顺丰很快。包装严实有防拆条。对比了一下以前的其他头显。清晰度提升很高。确实目前pcvr只有小派一家选择, light性价比首选。追求极致画质选super; 不过相应的显卡要求也会很高。",1.0,小派水晶light VR评论.csv
2026年2月27日,已购: Crystal Light[DMAS耳机+升级舒适头箍+护脸海绵]山**孩,0.66,小派水晶light VR评论.csv
2026年2月27日,"已购: Crystal Light (DMAS耳机+升级舒适头箍+护脸海绵]买来玩赛车模拟器的。质感非常棒。用了这款之后跟开真车差不多了,非常爽!薰**草",1.0,小派水晶light VR评论.csv
2026年2月2日,已购: Crystal Light  [赠近视镜片+猫超卡]已到货。物流非常快。圆梦。清晰度高无延迟,0.27,小派水晶light VR评论.csv
2026年1月12日,两三天就过来了很快。外观硬朗霸气。作为本萌新入手的第款VR感觉体验非常不错,1.0,小派水晶light VR评论.csv
2025年12月24日,"小派Crystal Light [含手柄套装]初试效果非常不错,清晰度很!好手边的pc配置有点勉强。稍后详细测试后再来追评!",0.89,小派水晶light VR评论.csv
2025年12月28日,用着非常满意。非常适合玩PCVR的游戏。电脑配置好的可以**入!手机拍不出带着看的感觉。带着家人一起玩。说是身临其境的感觉。画质也非常清,1.0,小派水晶light VR评论.csv
2025年12月23日,连接上了。画面非常清晰好用。很好好好很好很好好,0.99,小派水晶light VR评论.csv
2025年12月29日,"清晰度比之前用的piconeo3好,基本上画质可以满足需求。重也是比较明显。头显有dpttype-c+电源三合一的线要连。活动起来会比较不方便。更适合体验类的游戏。另外建议买个防起雾的喷剂。",0.68,小派水晶light VR评论.csv
2025年12月11日,"已购:[合约版]  首付+尾款 /小派Crystal Light (含手柄套装]快递收到了。发的是顺丰。送货迅速。包装完好,由quest2换了这款。也一并升级了电脑。准备等赠送的镜片等配件到了再使用,期待使用后能达到我的预期。等到时再来追评",0.01,小派水晶light VR评论.csv
2025年12月15日,已购:[合约版]  首付+尾款 /小派Crystal Light [含手柄套装]很清晰,0.53,小派水晶light VR评论.csv
2025年10月19日,"(手柄套装画面清晰,设备前后重量分配均匀。手柄定位准确。砸**哥",0.81,小派水晶light VR评论.csv
2025年10月3日,"确实无敌。对vr设备还停留在十年前的认知。原来早就强得可怕了, steam上也很方便。玩赛车或者飞机很爽, Vr顶级alyx也是真惊艳。以前只是看视频解说感觉不出来。亲自试用才发现这画质确实逆天啊。很庆幸买了pc版后再买super哈哈。。。多开点线下体验店让大家试试。简直逆天。新世界打开",1.0,小派水晶light VR评论.csv
2025年10月6日,眼镜非常帅气。试玩了一下画面也很清晰。昨天买了今天就到了快递也非常,0.99,小派水晶light VR评论.csv
2025年10月9日,"不愧是清晰度最高的pcvr, 到手试验了一下马上就把原来的oculus丢了,分",0.97,小派水晶light VR评论.csv
2025年9月29日,"@面板山。主要感受:1清晰度确实更上一层楼。2亮度更高。游戏里的艳阳夭更清澈。3视野更大。甜蜜点更大。不用张以前一样。不停的调整佩戴。4重量不比以前的重。完全可以接受。小问题:高亮静态背景下可见颜色不均匀 (黑条) ,游戏动态画面时不可见。总之是欣喜和满意的。",1.0,小派水晶light VR评论.csv
2025年10月9日,非常好的产品。可惜不能发图。自己买来体验吧。,0.56,小派水晶light VR评论.csv
2025年10月10日,"怎么说呢。设备总体还是挺好的。我主玩PC VR, 之前用的8KX, 但那个由于FOV太大反而没那么清楚了。这款表面上也是8K。但屏幕素质也有改迸。看起来就清楚的多。虽然有900多克。但从8KX过渡过来重量完全可以接受了但也存在一些问题。就是目前的由内向外追踪系统还存在挺多小毛病。比如安全区边界的设置和Meta差了一个Meta, 几乎保存了过一会就漂移了。甚至连地面高度都不能准确判断。所以我都是关了安全区。然后用fpsvr的地面高度设置来玩的。至于头显和手柄追踪的精确度我觉得还是不错的。玩光剑都还行。但玩双手持枪的游戏的话。如果一只手放在靠近肩膀的位置附件就会丢追踪。跟很早的Quest表现类似。可能能通过软件更新来解决。但我目前先就有基站。追踪精度会很高。音质方面虽然没买到DMAS耳机。但原装的也能接受。并不至于不能听。其他的就是4.5m线有些太短了,如果多1m我这边都能好用的多。不过也还是将就能用。还有就是软件。开固定注视点和7天后追评:  补几张图域***",0.0,小派水晶light VR评论.csv
2024年11月13日,"套装版当半条命alyx开场结束的那一瞬间。看着远方的高塔直冲云霄。整个世界的广度与深度显现在眼前。带着立体的环境音。让你瞬间忘记自己从何而来。难以言喻的感受。这种优秀的沉浸感离不开小派水晶所带来的超清晰体验;头显画面响应迅速。就算频繁摇头都不容易有眩晕感。对于头戴体验来说,调节好绑带和和头部松紧度以后。整体较为舒适。戴上设备后。就算带着眼镜也没有太多不适。不过建议近视用户最好配备一个磁吸眼镜。既能保护VR",1.0,小派水晶light VR评论.csv
2024年12月16日,"套装版OXTX, 可以开全高画质玩 VR 版本无人深空。清晰度确实不是一体机可以媲美的。重量因为没有电池的原因。轻很多。自己配了3D打印的眼镜片,这样用起来非常的棒!用**7",0.99,小派水晶light VR评论.csv
2024年11月19日,"套装版入手后感受。玩串联游戏比如艾利克斯啥的。确实方便很多,而且调整好之后。画面也比quest3好些。继续慢慢研究了。以后等super出了,不知道会不会更好些。期待。最**生",1.0,小派水晶light VR评论.csv
2024年12月17日,"套装版小派Crystal Light非常不错,到手操作非常简单。清晰度也很高。佩戴的时候戴好了一点也不累,好评",1.0,小派水晶light VR评论.csv
2025年8月3日,(手柄套装版收到了。外观很帅。很符合我的审美。不愧是国货之光,1.0,小派水晶light VR评论.csv
2025年1月16日,"己购:  套餐(LighttLight house面板套装半价)整体来说对比我之前用的Artisan画面会更好。但是头箍是固定的换不了皮带。所以躺床上需要配合记忆棉枕头使用。之后呢画面亮度也是比老头显要暗上500,以及右屏幕有个像素点有坏点但会随着工作温度上升自己修复。之后就是头显戴久了会很热但好在模具和标准版没区别所以我可以自己改装散热风扇连接到dp in旁边的Type C接口上获取供电。",0.0,小派水晶light VR评论.csv
2025年1月7日,(LighttLight house面板套装半价)佩戴体验差。很重。橡胶遮光垫突出面罩很多。非常迷惑的设计。镜片离眼睛很近。戴眼镜或加镜片一定会碰到眼睛。清晰度高。没有眩光。视野大。描述写的15天退货是假的。客服说7天。反正我翻遍描述没有看到7天的字样。不戴眼镜喜欢被搁脸颈椎是铁做的放弃15天退货的可以买。TT1!商家回复:  尊敬的用户您好。非常抱歉给您带来了不好的体验。我们:。更多飞**?,0.0,小派水晶light VR评论.csv
2024年10月27日,优点:  清晰度没的说。没有晶格感。双眼重合度不错。色彩饱和。没有LC0的大灰屏。在分布不错。缺点:  定位和03有一定的差距。手柄和主流的无追踪环有差距;震动一般。作为PCVR的升级产品。目前是市面上性价比极高。推荐,1.0,小派水晶light VR评论.csv
2024年12月16日,"(手柄套装版入手小派Crystal Light, 重量比想象中的要好 (调整好重心即可) ,清晰度这块真没得说 (比psvr2好太多了。没有纱窗感) ,使用体验整体比较流畅。模",1.0,小派水晶light VR评论.csv
2025年2月24日,"装版瑕不掩瑜。还是很好的。清晰度明暗色彩都很好。之前用的19年买的cosmo5,换了这个之后。老的直接可以扔了。根本不是一个年代的东西。手柄充电大概能用40小时以上。手柄追踪很好。就是超出视线范围时有飘。希望软件算法慢慢改迸。软件也比较友好。可以自己单眼调亮度对比度位置等, pcvr首选F+商家回复:  感谢您的好评!您的支持是我们不断进步的动力。愿Pim更多匿名买家",0.14,小派水晶light VR评论.csv
2025年1月4日,巳购:  小派Crystal 水晶Light调光版 (手柄套装版该用户未填写评价内容55天后追评:  小派这个手柄是硬伤。就会吱嘎吱嘎响论**性,0.0,小派水晶light VR评论.csv
2025年1月3日,装版该用户未填写评价内容107天后追评:  各种游戏适配做的很差 驱动做的很垃圾性价比有点低很重面罩不够舒服手柄体感一般1.许多游戏画面会严重抽搐。即使帧率跑满。显卡占用不高。我的上一台PCVR就没有这个问题2.驱动有逻辑问题。帧率跑到70一些。他反而会娈卡3.性价比有点低。我上一台PCVR 3000冒头。屏幕有点次有坏点。换的这台。7000的价格。并没有给我带来双倍的体验。倒是重量。小问题。佩戴压力翻倍了。3.手柄震动。握持感。按键设计都不太满意。玩某拳击机甲游戏时老是误触steam菜单键。握起来不舒服。振动贫弱X**6,0.0,小派水晶light VR评论.csv
2025年1月18日,"套装版lighthouse面板+全款付完了,也该喷了。先说优点,8K画质没什么好说法优化算是减轻了负担。除此之外。就全是缺点了出这么多花里胡哨版本。真不如好好优化一代产品。1.这个耳机真的这么多代了就一点都没想着优化?  地边摊90的都不如。听着耳朵都难受的那种。因为声名狼藉所以儆了心理准备。结果用上后。我感觉这就是个态度问题。2.客服质量己经不是约等于没有。甚至是负优化了。就是因为不确认定位方式我才咨询客服。结果反而引导错。完全没解决问题。事后吐槽还觉得自己做的很有理?  解决不了问题。我问客服做什么?3.说明引导糟糕。纸制说明书就2面。叫你下载AP敷衍的说明书。手柄开机的方式。硬是控了我十分钟。多个插头选哪个再控5分钟。好吧。我去官网看技术支持。甚至找不到国内网址。找说明引导也是困难重重。总结。既然买小派了。那我确实就是不差钱的客户,我们需要的是什么。是优质的服务和体验。但是我在小派上完全体验不到。尤其对比其他品牌。糟心!断**梦",0.0,小派水晶light VR评论.csv
2024年11月14日,"套装版该用户觉得商品非常好。给出5星好评9天后追评:  之前用的三星炫龙MR+ , 换成小派之后画面全是清晰了很多。就像从1080p的屏幕换成了4k的那种感觉。缺点就是太重了,佩戴时间长了脖子受不了。总体来说还是不错的。期待后续的迭代产品!峻***",0.88,小派水晶light VR评论.csv
2025年3月7日,巳购:  小派Crystal 水晶Light调光版(手柄套装版更多,0.89,小派水晶light VR评论.csv
2025年7月15日,装版商家回复:  感谢您的好评!您的支持是我们不断进步的动力。愿Pim:更多,0.07,小派水晶light VR评论.csv
2024年11月18日,套装版画质不错佛**休,0.97,小派水晶light VR评论.csv
2024年12月27日,"(手柄套装版小派Crystal Light使用体验挺好,很清晰,战雷座舱视角沉浸感很强,终于可以把头伸出机舱开飞机了匿名买家",1.0,小派水晶light VR评论.csv
2024年12月8日,装版,0.5,小派水晶light VR评论.csv
2025年1月4日,到手后立刻试用了。画面确实比以前用的index高好几个档次。设置稍微要繁琐一些。手柄定位可用。稍微有点点抖。但无伤大雅。玩vrchat之类的使用完全没问题。好评匿名买家,0.01,小派水晶light VR评论.csv
2024年12月17日,套装版匿名买家,0.68,小派水晶light VR评论.csv
2024年12月17日,套装版初次体验pC Vr。 效果还算理想。效果挺清晰的。配的线材也很长。,1.0,小派水晶light VR评论.csv
2024年12月19日,"套装版快递走的顺丰。很快。第一天下午下的单第三天早上就到了。包装完好,安装很方便。不过官网的软件不好下。官方应该改迸一下。或者给个第三方链接。alyx上的效果确实出色。亚利桑那阳光重制版也非常*真。射击时手柄定位很准,音效也挺好的。不用戴耳机也很有氛围感。重量可以接受。头戴设计的不错。很稳固。没有什么漏光。基本没什么缺点。这个价格性价比很高。比较适合入手。",1.0,小派水晶light VR评论.csv
2024年10月4日,"总的来说很优秀的产品。买前最担心的是重量问题。以前8kx那个重量和分配根本无法长时间佩戴。这代比较舒服。重量分配很合理。使用后头部也没有不适感。方向是对的。显示效果买前就不是很担心,用后果然是顶级水准的屏幕。ppd35就已经很高了 ,很多VR的视频和应用反倒跟不上了 ,要8k的视频。无纱窗甜蜜圈也特别大。当然色散和视野都可以再提高。我这只的左屏有个坏点。无伤大雅。还用就是耳机接口没有有点可惜。支持国产。希望越来越好。期待super。商家回复:  感谢您对小派的支持。我们会努力做好产品和服务的 !匿名买家",0.84,小派水晶light VR评论.csv
2024年10月5日,很少给人差评。合着8站才是你们的官网。有问题问就是自己8站去搜。你当*****的客服啊。问问简单的如何使用。还得去官网填写各种信息然后填写邮箱等回复。那你开鸡毛官方店啊。匿名买家,0.0,小派水晶light VR评论.csv
2024年10月5日,很少给人差评。合着8站才是你们的官网。有问题问就是自己8站去搜。你当*****的客服啊。问问简单的如何使用。还得去官网填写各种信息然后填写邮箱等回复。那你开鸡毛官方店啊。商家回复:  尊敬的用户您好。非常抱歉给您带来了不好的体验。我们:。更多爱 **哥,0.0,小派水晶light VR评论.csv
2024年11月18日,"套装版本人是hp82用户,小派确实感觉画面清澈不少,基本看不到晶格。看来价格贵有贵的好处。画质有一定的提升。要是FOV再大一点就好了。当然价格可能就不是这个价了。用来玩模拟飞行个dcs不错!",1.0,小派水晶light VR评论.csv
2025年1月1日,装版小派水晶确实可以。沉浸感不错。可以入手一试。巧**椒,1.0,小派水晶light VR评论.csv
2024年12月26日,"套装版自从入手了小派Crystal Light PC VR头戴显示器。我的游戏和观影体验彻底升级了 !这款设备以其卓越的画质和轻盈的设计。让我仿佛置身于一个全新的虚拟世界。'小派Crystal Light"" 不仅提供了高分辨率的清晰视界。还拥有宽广的视场角。让我在探索虚拟世界时毫无束缚。每一次戴上它。都像是开启了一场视觉与感官的盛宴。无论是紧张刺激的游戏。还是沉浸式的电影体验, ""小派Crystal Light"" 都能完美呈现。让我完全沉浸在每一个细节之中。如果你也在寻找一款能够带来极致体验的VR设备;'小派Crystal Light"" 绝对是你的不二之选!另外提示,如果使用只有 HDMI 的游戏本需要配 DP 转 ty接头",1.0,小派水晶light VR评论.csv
2024年12月13日,"套装版到手很高端。主玩dcs和iracing, 看来网上测评画面很清晰。现在唯一的短",1.0,小派水晶light VR评论.csv
2024年9月25日,效果是真好。就是 4090也玩不爽。期待下代显卡让水晶好好发挥商家回复:  感谢您对我们小派的支持。我们会努力做到更好。欢迎下.更多匿名买家,0.55,小派水晶light VR评论.csv
2025年6月15日,装版试用了几天。清晰度确认能打。手柄定位有时丢失但好在更新也在持续解决。游戏适配上适合有经验的玩家研究打磨。总之值得入手。先用先享受小***,0.13,小派水晶light VR评论.csv
2025年6月19日,礼包该用户未填写评价内容,0.07,小派水晶light VR评论.csv
2024年12月16日,"简单试了一下,比我之前的1080p的好太多了。头盔略重。但可以接受。音",0.69,小派水晶light VR评论.csv
2024年12月10日,(手柄套装版我的评价是很优秀的产品。买前最担心的是重量问题,0.94,小派水晶light VR评论.csv
2024年12月16日,简单试了一下。比我之前的1080p的好太多了。头盔略重。但可以接受。音,0.69,小派水晶light VR评论.csv
2024年12月10日,"(手柄套装版我的评价是很优秀的产品。买前最担心的是重量问题。昨天下单今天就到了,以前8kx那个重量和分配根本无法长时间佩戴。这代比较舒服。重量分配很合理。使用后头部也没有不适感。方向是对的。显示效果买前就不是很担用反倒跟不上了。要8k的视频。无纱窗甜蜜圈也特别大。当然色散和视野都可以再提高。还用就是耳机接口没有有点可惜。支持国产。希望越来越好。",0.69,小派水晶light VR评论.csv
2024年12月15日,套装版第一次玩Vr 也是第一买小派Crystal Light 效果非常棒 一个不懂的新手 客服很耐心帮我解决问题小派画质非常厉害产品很好售后也很好帅**哥,0.99,小派水晶light VR评论.csv
2024年12月13日,套装版这是我的第一款vr眼镜产品。显示很清晰。效果很好。用来玩赛车。半条命这些类型的游戏没有压力。匿名买家,0.99,小派水晶light VR评论.csv
2025年2月6日,已购: Light (套装版) +舒适头戴+15mm海绵挺不错的确实轻 比index轻 对于女生来说 quest3换了面罩也难受 index就太重脖子撑不住小派头戴和面罩挺好的长时间戴着也不会特别累 Vr玩久了以后还是觉得舒适度和方便性大于画质性能之类的  这个价格真的很好了喜欢更多,1.0,小派水晶light VR评论.csv
2024年11月21日,(手柄套装版去年水晶普通版刚出的时候就想入手。但看很多人评价太重就放弃了。今年水晶Light减重做成纯pcvr就肯定要试试这个当前头显清晰度天花板了。以前进入游戏确实很震撼。看不到晶格的画面配合游戏本身极佳建模质量。沉浸感直接拉满。就是显存也直接吃满。模拟游戏开最高画质还是会有一些掉,1.0,小派水晶light VR评论.csv
2024年11月21日,"套装版去年水晶普通版刚出的时候就想入手。但看很多人评价太重就放弃了,今年水晶Light减重做成纯pcvr就肯定要试试这个当前头显清晰度天花板了。以前VR设备只是N年前用过quest一体机。这次试了水晶。玩儿Alyx 直接画质拉满进入游戏确实很震撼。看不到晶格的画面配合游戏本身极佳建模质量。沉浸感直接拉满。就是显存也直接吃满。模拟游戏开最高画质还是会有一些掉帧。总之这款头显非常适合对画面有很高要求且拥有高配置pc的玩儿家。",1.0,小派水晶light VR评论.csv
2026年3月1日,已购: Crystal Light [赠近视镜片+猫超卡]佩戴很舒服。支持VR游戏的不用多说。不支持的内置大影院模式玩着也比显示器爽,1.0,小派水晶light VR评论.csv
