标题,昵称,地区,评论内容,情感得分
最近刷到#95后小伙手搓AI眼镜体验失明的一天#真的有被感动到！...,不需要为别人而活-,河北 石家庄,这也太强了吧[舔屏],0.14
最近刷到#95后小伙手搓AI眼镜体验失明的一天#真的有被感动到！...,枕头底下压着星星,其他,科技加社会关怀 才是真的温暖守护,1.0
最近刷到#95后小伙手搓AI眼镜体验失明的一天#真的有被感动到！...,Shiny_Hwang,广东,这也是做到了人文关怀,0.97
最近刷到#95后小伙手搓AI眼镜体验失明的一天#真的有被感动到！...,沐之雨秋,河北,点赞，希望早日出现这种商用的眼镜帮助到视力障碍的人群，这就是科技的意义吧,1.0
最近刷到#95后小伙手搓AI眼镜体验失明的一天#真的有被感动到！...,元页皮金名车干,内蒙古,见识了高科技带来的便利,0.99
最近刷到#95后小伙手搓AI眼镜体验失明的一天#真的有被感动到！...,明天都好困,江苏 淮安,辅助方向也很棒的,0.93
最近刷到#95后小伙手搓AI眼镜体验失明的一天#真的有被感动到！...,苏荷2025,其他,啥意思？戴上这个眼镜，盲者也可以看见吗？,0.87
最近刷到#95后小伙手搓AI眼镜体验失明的一天#真的有被感动到！...,幸运草悄然萌芽lo5186,其他,技术含量高的,0.48
最近刷到#95后小伙手搓AI眼镜体验失明的一天#真的有被感动到！...,往事旧人归于尽,北京,看着还行吧,0.77
最近刷到#95后小伙手搓AI眼镜体验失明的一天#真的有被感动到！...,婷儿是最棒的,河南,技术含量太高了,0.3
最近刷到#95后小伙手搓AI眼镜体验失明的一天#真的有被感动到！...,一笺落寞,海外 瑞典,国产技术发展迅猛啊[期待],0.9
最近刷到#95后小伙手搓AI眼镜体验失明的一天#真的有被感动到！...,向阳笑哈哈,广东,这样看着挺好的,0.86
最近刷到#95后小伙手搓AI眼镜体验失明的一天#真的有被感动到！...,是番茄味西红柿不,其他,这真的很方便了,0.74
最近刷到#95后小伙手搓AI眼镜体验失明的一天#真的有被感动到！...,Mo199407,河北 保定,我觉得这个还挺有意思的,0.94
最近刷到#95后小伙手搓AI眼镜体验失明的一天#真的有被感动到！...,小南偱勾勾,广东 深圳,有温度的科技,0.62
最近刷到#95后小伙手搓AI眼镜体验失明的一天#真的有被感动到！...,tt天下旁观者,香港 其他,现在ai真是无处不在，啥都能ai,0.86
最近刷到#95后小伙手搓AI眼镜体验失明的一天#真的有被感动到！...,小夏念夏,河北,一些特殊群体他们就不出门的,0.54
最近刷到#95后小伙手搓AI眼镜体验失明的一天#真的有被感动到！...,沐之雨秋,河北,让视力障碍的人实验下，最好是名人，比如黑灯老师，他还能写段子，扩大影响力～,1.0
最近刷到#95后小伙手搓AI眼镜体验失明的一天#真的有被感动到！...,星河小雨落,四川,科技改变生活,0.98
最近刷到#95后小伙手搓AI眼镜体验失明的一天#真的有被感动到！...,菇凉erOooo,其他,Al眼镜我始终觉得这是买回家吃灰的那种,0.77
最近刷到#95后小伙手搓AI眼镜体验失明的一天#真的有被感动到！...,苍白D笑,陕西,这才是科技的发展之道,0.9
最近刷到#95后小伙手搓AI眼镜体验失明的一天#真的有被感动到！...,崽崽在北城呀,山东,百元就能这么便利好用,0.85
最近刷到#95后小伙手搓AI眼镜体验失明的一天#真的有被感动到！...,小闫童靴,陕西,这才是科技发展的根本,0.9
最近刷到#95后小伙手搓AI眼镜体验失明的一天#真的有被感动到！...,每天都不焦绿,其他,技术含量好高啊 有实力[爱慕],0.96
最近刷到#95后小伙手搓AI眼镜体验失明的一天#真的有被感动到！...,慢慢是令仪,其他,这个很暖心啊,0.93
最近刷到#95后小伙手搓AI眼镜体验失明的一天#真的有被感动到！...,思琦她老爹XLZ,广东 深圳,#95后小伙手搓AI眼镜体验失明的一天# 科技改变生活,0.25
最近刷到#95后小伙手搓AI眼镜体验失明的一天#真的有被感动到！...,数码界大佬,陕西 宝鸡,都这么先进了吗？,0.75
最近刷到#95后小伙手搓AI眼镜体验失明的一天#真的有被感动到！...,单富东,山西,这个功能还是很友好的,0.9
最近刷到#95后小伙手搓AI眼镜体验失明的一天#真的有被感动到！...,单富东,山西,现在的这些功能对于残疾朋友来说非常有,0.88
最近刷到#95后小伙手搓AI眼镜体验失明的一天#真的有被感动到！...,为什么胡思乱想,其他,还就很有实力的啊,0.93
最近刷到#95后小伙手搓AI眼镜体验失明的一天#真的有被感动到！...,Q-小甜心,福建 厦门,科技改变生活呀，太厉害了,0.92
最近刷到#95后小伙手搓AI眼镜体验失明的一天#真的有被感动到！...,TLing-00,上海,这对有需求的人来说还是很实用的，科技改变生活,1.0
最近刷到#95后小伙手搓AI眼镜体验失明的一天#真的有被感动到！...,卡琳可爱,江苏 淮安,科技改变你们，让视障朋友出行方便,0.96
最近刷到#95后小伙手搓AI眼镜体验失明的一天#真的有被感动到！...,香蕉糖_锦鲤附体好运加持lucky20,广东,还真的很暖心,0.96
最近刷到#95后小伙手搓AI眼镜体验失明的一天#真的有被感动到！...,你的胖子1,其他,帮助到需要的人群,0.69
最近刷到#95后小伙手搓AI眼镜体验失明的一天#真的有被感动到！...,可惜如果没有-,海外,确实蛮牛的了[色],0.66
最近刷到#95后小伙手搓AI眼镜体验失明的一天#真的有被感动到！...,依24ine,广西,仅靠AI眼镜不够保护无障碍设施关注视障群体更重要,0.78
最近刷到#95后小伙手搓AI眼镜体验失明的一天#真的有被感动到！...,Carine小瓶子,浙江,能给残障人士带来生活上的便利，这点值得鼓励,1.0
最近刷到#95后小伙手搓AI眼镜体验失明的一天#真的有被感动到！...,一只飞天的小青蛙,浙江,这小伙子也太牛了吧，有一股钻研精神,0.63
最近刷到#95后小伙手搓AI眼镜体验失明的一天#真的有被感动到！...,森林在鹿上走迷鹿了,山东,科技改变生活,0.98
最近刷到#95后小伙手搓AI眼镜体验失明的一天#真的有被感动到！...,粮厂日记,广东 汕头,现在年轻人这么强的吗？,0.92
最近刷到#95后小伙手搓AI眼镜体验失明的一天#真的有被感动到！...,桃花上有雪,四川,真的是很好啊,0.83
最近刷到#95后小伙手搓AI眼镜体验失明的一天#真的有被感动到！...,瀚瀚er,海外,对于特殊人群来说真的很重要,0.92
最近刷到#95后小伙手搓AI眼镜体验失明的一天#真的有被感动到！...,You悠我沁,福建,挺好的，可以减少导盲犬的工作了吧,0.95
最近刷到#95后小伙手搓AI眼镜体验失明的一天#真的有被感动到！...,半只小月亮999,四川,还能体验的哦,0.69
最近刷到#95后小伙手搓AI眼镜体验失明的一天#真的有被感动到！...,梓彦妈妈,四川 南充,大家多多关心,0.91
最近刷到#95后小伙手搓AI眼镜体验失明的一天#真的有被感动到！...,我的海兰察大大,香港,光有技术还不够，大家一起守护盲道同样重要！,0.85
最近刷到#95后小伙手搓AI眼镜体验失明的一天#真的有被感动到！...,苏菲八二九是我,山东 临沂,技术加社会关注 才能真帮到视障朋友,0.89
最近刷到#95后小伙手搓AI眼镜体验失明的一天#真的有被感动到！...,冰美式的小小芦苇,其他,保护无障碍设施 给视障朋友多些便利,0.83
最近刷到#95后小伙手搓AI眼镜体验失明的一天#真的有被感动到！...,丰田李下,其他,光有AI技术不够保护无障碍设施才是出行保障,0.62
最近刷到#95后小伙手搓AI眼镜体验失明的一天#真的有被感动到！...,小橙子的麻麻2018,湖北,科技改变生活,0.98
最近刷到#95后小伙手搓AI眼镜体验失明的一天#真的有被感动到！...,数码小星,江苏,合适不一样的哈,0.64
最近刷到#95后小伙手搓AI眼镜体验失明的一天#真的有被感动到！...,故意覅,其他,ai眼镜这次真的功能太强了,0.22
最近刷到#95后小伙手搓AI眼镜体验失明的一天#真的有被感动到！...,还是多看书-,其他,没想到ai那么智能的呀,0.4
最近刷到#95后小伙手搓AI眼镜体验失明的一天#真的有被感动到！...,相思寄虹豆,江苏,科技就是要带来温暖的,0.98
最近刷到#95后小伙手搓AI眼镜体验失明的一天#真的有被感动到！...,雨晨那个苦啊,浙江,期望更多启发人心的事迹涌现，共同创造一个更加美好的社会环境。,1.0
最近刷到#95后小伙手搓AI眼镜体验失明的一天#真的有被感动到！...,放牛般的少年,江苏 苏州,嗯，用户发来的是一段关于AI眼镜项目的讨论，并且已经提供了生成评论的需求。,0.11
最近刷到#95后小伙手搓AI眼镜体验失明的一天#真的有被感动到！...,蟹肖归,四川,技术与爱的结合，为视障朋友撑起天空！,0.96
最近刷到#95后小伙手搓AI眼镜体验失明的一天#真的有被感动到！...,涵月清,山东 枣庄,Qwen技术很厉害，但社会环境更关键。希望更多人参与保护无障碍设施，让AI真正惠及每一个人。#AI公益#,1.0
最近刷到#95后小伙手搓AI眼镜体验失明的一天#真的有被感动到！...,在热气球上修车的花菜,其他,技术再强，若没有社会人文关怀，也难以为视障朋友们点亮前行之路。,0.98
最近刷到#95后小伙手搓AI眼镜体验失明的一天#真的有被感动到！...,阿苏她很美,其他,未来属于关注视障群体的AI，点赞！,1.0
最近刷到#95后小伙手搓AI眼镜体验失明的一天#真的有被感动到！...,小蔡一鲽,福建 福州,技术助力视障，关键社会关爱，AI公益值得推广。#AI公益新方向#,1.0
最近刷到#95后小伙手搓AI眼镜体验失明的一天#真的有被感动到！...,1小伙伴们一起1,其他,AI眼镜让视障生活更便捷，点赞给科技力量！,1.0
最近刷到#95后小伙手搓AI眼镜体验失明的一天#真的有被感动到！...,丶凌晨5点风声起b_BT,其他,进步从不魔幻，正是我们身边的每一点努力，成为他们眼中的光。,1.0
最近刷到#95后小伙手搓AI眼镜体验失明的一天#真的有被感动到！...,可爱不吃鱼火锅,其他,AI眼镜技术高超，社会关注环保，助力视障群体出行，社会责任感棒！,1.0
最近刷到#95后小伙手搓AI眼镜体验失明的一天#真的有被感动到！...,时岱广场,其他,AI公益温暖人心，关注视障群体出行，推动无障碍社会建设，传递正能量！,1.0
最近刷到#95后小伙手搓AI眼镜体验失明的一天#真的有被感动到！...,拓庸集,台湾 高雄市,技术温暖人心，公益传递希望，视障问题更需社会共同关注与解决。,1.0
最近刷到#95后小伙手搓AI眼镜体验失明的一天#真的有被感动到！...,韩红糖,其他,**直观的AI眼镜开源，让视障出行更安心。**,0.79
最近刷到#95后小伙手搓AI眼镜体验失明的一天#真的有被感动到！...,天使晶泪水,辽宁,漫江碧透，百舸争流，每一份AI的帮助，都应成为构建和谐社会的有机组成部分。,0.98
最近刷到#95后小伙手搓AI眼镜体验失明的一天#真的有被感动到！...,当年魅力不减再加,河南,开源让科技更普惠，公益让社会更温暖。看到这么多AI公益项目，我希望More people can join hands to create a better world.,1.0
最近刷到#95后小伙手搓AI眼镜体验失明的一天#真的有被感动到！...,酒店lifes,北京,开源大模型做公益，百元硬件改变千万人生！#魔搭社区#,1.0
最近刷到#95后小伙手搓AI眼镜体验失明的一天#真的有被感动到！...,阚豆豆shmily,山东,帆哥及其团队利用Qwen—Omni开源大模型，成功创建了一个能够用于辅助视障人士识别周围环境的人工智能眼镜。,0.95
最近刷到#95后小伙手搓AI眼镜体验失明的一天#真的有被感动到！...,妙音居士耶,上海,让我们一起用行动支持这些精彩的公益项目，同时也要用心去关心那些处于黑暗中的身影，并参与到视障友好的公共环境建设，共建人人皆可享有的美好生活。,1.0
最近刷到#95后小伙手搓AI眼镜体验失明的一天#真的有被感动到！...,喜洋洋灰大浪,福建,不只是技术，更是人间的温情！,0.74
最近刷到#95后小伙手搓AI眼镜体验失明的一天#真的有被感动到！...,lan洋葱,广西 南宁,温情AI，为视障朋友点亮世界，感动！,0.99
最近刷到#95后小伙手搓AI眼镜体验失明的一天#真的有被感动到！...,时光独家,其他,科技暖心，但仍需社会关注和保护，期待更多公益AI项目！,1.0
最近刷到#95后小伙手搓AI眼镜体验失明的一天#真的有被感动到！...,黑白配俊俊,江苏,开源是好事，希望普及！,0.52
最近刷到#95后小伙手搓AI眼镜体验失明的一天#真的有被感动到！...,特滴烂,福建 龙岩,真正的普惠并非孤立存在，而是需要在社会各界的共同努力下实现。,0.83
最近刷到#95后小伙手搓AI眼镜体验失明的一天#真的有被感动到！...,快乐柠檬岩盐芝士__,其他,太感动了！科技向善，很棒！,0.98
最近刷到#95后小伙手搓AI眼镜体验失明的一天#真的有被感动到！...,小鱼儿要淡定淡定淡定,浙江,真的被姜文的眼镜灵感深深打动！视障人士出行难的问题，终于有了科技的 breakthrough。AI公益项目，正在让世界更美好！,1.0
最近刷到#95后小伙手搓AI眼镜体验失明的一天#真的有被感动到！...,鱼乐儿嘟嘟,广东 深圳,"1.AI眼镜超暖心！开源技术助视障，青年力量刷屏！"" #科技向善#",0.98
最近刷到#95后小伙手搓AI眼镜体验失明的一天#真的有被感动到！...,喜欢夏天的感觉12,浙江,看到#95后小伙手搓AI眼镜体验失明的一天#，真的被深深打动！,0.39
最近刷到#95后小伙手搓AI眼镜体验失明的一天#真的有被感动到！...,得道寡夫_700,广东,开源和公益带来的不仅是硬件便利，更是社会的支持和温暖。#关心视障群体# #科技普惠未来#,1.0
最近刷到#95后小伙手搓AI眼镜体验失明的一天#真的有被感动到！...,小公举KMR,其他,科技的意义展现,0.98
最近刷到#95后小伙手搓AI眼镜体验失明的一天#真的有被感动到！...,薇尔莉特-y,其他,这个居然可以如此呢,0.22
最近刷到#95后小伙手搓AI眼镜体验失明的一天#真的有被感动到！...,过来吃辣条789,江苏 淮安,科技关怀的[doge]真好啊,0.9
最近刷到#95后小伙手搓AI眼镜体验失明的一天#真的有被感动到！...,先看看独角戏,江苏 淮安,技术是依旧的强悍了啊,0.88
最近刷到#95后小伙手搓AI眼镜体验失明的一天#真的有被感动到！...,不急这句话睡吧睡吧,其他,这感觉是有点好啊,0.59
最近刷到#95后小伙手搓AI眼镜体验失明的一天#真的有被感动到！...,-月亮邮递员-oio,上海,不光要AI帮忙，大家保护好盲道也很重要,0.6
最近刷到#95后小伙手搓AI眼镜体验失明的一天#真的有被感动到！...,金咕咕少女时代,江西 南昌,加油,0.9
最近刷到#95后小伙手搓AI眼镜体验失明的一天#真的有被感动到！...,象疯子一样,上海 浦东新区,这个太牛了，没想到ai眼镜竟是拯救盲人的神器[赞][赞],0.95
最近刷到#95后小伙手搓AI眼镜体验失明的一天#真的有被感动到！...,黑钻黑钻,广东 深圳,这是一个社会责任感满满的AI项目，跨界合作才能造福社会！,0.63
最近刷到#95后小伙手搓AI眼镜体验失明的一天#真的有被感动到！...,柳下再会,江苏 南京,科技应该向这个方向发展,0.97
最近刷到#95后小伙手搓AI眼镜体验失明的一天#真的有被感动到！...,谭蛋瑶,广东 广州,希望科技越来越进步//@枕头底下压着星星:科技加社会关怀 才是真的温暖守护,1.0
最近刷到#95后小伙手搓AI眼镜体验失明的一天#真的有被感动到！...,Lucky_Virgo13,其他,希望早日量产,0.25
最近刷到#95后小伙手搓AI眼镜体验失明的一天#真的有被感动到！...,树人旺旺,其他,AI眼镜的创新与普及，不仅助力视障人士获得自我判断与独立生活的能力，更彰显了技术的巨大潜力与温度的传递。,1.0
最近刷到#95后小伙手搓AI眼镜体验失明的一天#真的有被感动到！...,陈总布林,其他,盼更多AI助视项目也愿大家多关心视障朋友,0.83
最近刷到#95后小伙手搓AI眼镜体验失明的一天#真的有被感动到！...,柔软小猫吃披萨,河南,愿这样的温暖能一直延续,1.0
最近刷到#95后小伙手搓AI眼镜体验失明的一天#真的有被感动到！...,放学可真开心,其他,科技加社会善意 才能真给视障群体铺好路,0.84
最近刷到#95后小伙手搓AI眼镜体验失明的一天#真的有被感动到！...,电话该吃就吃,湖南 岳阳,仅靠AI技术不够，社会关注与无障碍设施更重要。,0.92
最近刷到#95后小伙手搓AI眼镜体验失明的一天#真的有被感动到！...,铁狗狗流浪旅行,重庆, AI眼镜帮视障，社会关注更重要！,0.89
最近刷到#95后小伙手搓AI眼镜体验失明的一天#真的有被感动到！...,街角的猫先生呀,其他,护盲道+AI助力，视障出行才易！,0.97
最近刷到#95后小伙手搓AI眼镜体验失明的一天#真的有被感动到！...,电到一个小乖乖,其他, 视障AI眼镜测试，缺社会助力 ,0.95
最近刷到#95后小伙手搓AI眼镜体验失明的一天#真的有被感动到！...,酷爽小秋葵志愿者,其他,硬件 conscientiousness×算法温度=完美方案#无障碍生态#＼,0.96
最近刷到#95后小伙手搓AI眼镜体验失明的一天#真的有被感动到！...,马斯克B,其他,我们的社会需要更多的科技公益项目，让每个人都能够贡献自己的力量。#,1.0
最近刷到#95后小伙手搓AI眼镜体验失明的一天#真的有被感动到！...,勤劳文艺_897,四川,"AI技术发展的同时，社会才真正温暖。-thinking with you. #_OTHER["".HARDWORK_Motivation."" - 打击自尊心的 - 每个人都很棒 #AI. 一起让科技为人类服务吧！",1.0
最近刷到#95后小伙手搓AI眼镜体验失明的一天#真的有被感动到！...,wzl19691105,其他,大家的支持和关注就是AI技术最好的推广者。技术本身不过是工具，能真正帮助到视障群体的，是整个社会的包容和庇护。,1.0
最近刷到#95后小伙手搓AI眼镜体验失明的一天#真的有被感动到！...,马大哈的窝窝,其他,让AI更有温度，为年轻人点赞！,0.97
最近刷到#95后小伙手搓AI眼镜体验失明的一天#真的有被感动到！...,宏景维修赵江_535,新疆 哈密,AI眼镜不仅仅是工具，更是人类文明的象征。,1.0
最近刷到#95后小伙手搓AI眼镜体验失明的一天#真的有被感动到！...,诚成橙魏氏生态农业有限公司,广东 深圳,AI科技进步，让视障生活更便利。用技术和同理心，为视障朋友的未来贡献力量。 #视障友好 AI,1.0
最近刷到#95后小伙手搓AI眼镜体验失明的一天#真的有被感动到！...,树人家都睡了,其他,对视障群体的关怀，这 technology 在需要的时候，能给TA很大的帮助！,0.83
最近刷到#95后小伙手搓AI眼镜体验失明的一天#真的有被感动到！...,她叫chenlili,福建 龙岩,太棒了！为科技向善点赞！#AI能帮视障群体做什么# 这么接地气又温暖的项目，希望越来越多！,1.0
最近刷到#95后小伙手搓AI眼镜体验失明的一天#真的有被感动到！...,悦上心头1999,其他,年轻开发者让AI有温度，照亮黑暗中的路＼,0.99
最近刷到#95后小伙手搓AI眼镜体验失明的一天#真的有被感动到！...,好运来真伟大,其他,看到#95后小伙手搓AI眼镜体验失明的一天#真的被感动到了！,0.07
最近刷到#95后小伙手搓AI眼镜体验失明的一天#真的有被感动到！...,泥香脆皮鸭,其他,"AI眼镜令人钦佩，但公益意识与完善社会环境同样关键。 accessibility noting Optional, Concise & Informative",0.99
最近刷到#95后小伙手搓AI眼镜体验失明的一天#真的有被感动到！...,钟衣难忘,其他,技术关键，关注更重，无损红绿灯，公益更赞！,0.99
最近刷到#95后小伙手搓AI眼镜体验失明的一天#真的有被感动到！...,时来孕转zaq,甘肃 定西,科技为视障生活添彩，社交环境需共同努力！,1.0
最近刷到#95后小伙手搓AI眼镜体验失明的一天#真的有被感动到！...,新农人1988abx,其他,AI眼镜创新感动人，但需社会共护无障碍。公益开源，年轻开发者见中国AI未来！,1.0
最近刷到#95后小伙手搓AI眼镜体验失明的一天#真的有被感动到！...,关于宝贝猪猪,其他,科技普惠需要社会关注，共同为视障人士助力！,1.0
最近刷到#95后小伙手搓AI眼镜体验失明的一天#真的有被感动到！...,网义新雯,其他,AI眼镜技术了不起！开源精神值得点赞，行动更重要，期待更多公益AI项目！,1.0
最近刷到#95后小伙手搓AI眼镜体验失明的一天#真的有被感动到！...,鹃mtg,其他,创新感人力挺，社会共同维护视障者权益，AI更有温度,1.0
最近刷到#95后小伙手搓AI眼镜体验失明的一天#真的有被感动到！...,果冻其实不软星人,安徽 合肥,AI眼镜创新无比，技术造福视障群体。社会关怀与公益精神同在，AI与爱心，照亮共赢未来！,1.0
最近刷到#95后小伙手搓AI眼镜体验失明的一天#真的有被感动到！...,中国梦888_23322,浙江 温州,这款AI眼镜真的很暖心，但科技普及更需要社会关注呢！,1.0
最近刷到#95后小伙手搓AI眼镜体验失明的一天#真的有被感动到！...,动画礼的故事,其他,AI助力视障同行，爱心与智慧共融，公益新范儿🌈魔搭社区未来可期🌍,1.0
最近刷到#95后小伙手搓AI眼镜体验失明的一天#真的有被感动到！...,翘臀小夜猫,湖北 武汉,"聋者未能听到, 有AI帮助却无法行动.",0.14
最近刷到#95后小伙手搓AI眼镜体验失明的一天#真的有被感动到！...,大皇工,海外 美国,技术点亮视障未来，公益点亮社会温暖！,1.0
最近刷到#95后小伙手搓AI眼镜体验失明的一天#真的有被感动到！...,禹囡小屋_890,湖北 武汉,AI技术助视障出行值得点赞，社会关注与设施支持同样关键，年轻人力量可期！,1.0
最近刷到#95后小伙手搓AI眼镜体验失明的一天#真的有被感动到！...,aaia1982,其他,"like stars in the night sky, AI can only see farther. But that farther must always be guided by hearts. 让科技真正普惠，需要每个人的心。#技术与人文并重#",0.84
最近刷到#95后小伙手搓AI眼镜体验失明的一天#真的有被感动到！...,米爸米妈小1408771794_421,上海,科技助力视觉障碍有爱，共筑无障碍社会环境，AI公益是实现科技爱的美好展现！,1.0
最近刷到#95后小伙手搓AI眼镜体验失明的一天#真的有被感动到！...,訫v所属,广西,期望和行动应当同步前进，正如魔搭社区群的活力与温度，都源自年轻人的智慧与热情。,1.0
最近刷到#95后小伙手搓AI眼镜体验失明的一天#真的有被感动到！...,瀚苑教育_905,吉林,魔搭聚青年力量，AI公益正 growing,1.0
最近刷到#95后小伙手搓AI眼镜体验失明的一天#真的有被感动到！...,廖氏斗非,广东 佛山,魔搭社区盐碱地变花园，开发者种出AI向日葵🌻,0.99
最近刷到#95后小伙手搓AI眼镜体验失明的一天#真的有被感动到！...,dfjkldfr,湖南 长沙,技术让生活改变，关爱让世界亮堂。,1.0
最近刷到#95后小伙手搓AI眼镜体验失明的一天#真的有被感动到！...,青青草原上的灰太狼1991,山东 济南,这个项目真的太棒了！,0.91
最近刷到#95后小伙手搓AI眼镜体验失明的一天#真的有被感动到！...,是但纷纷的地盘,宁夏,这种力量不仅体现在创新技术的开发上，还体现在用AI照亮社会弱势群体生活道路的决心与热忱中。,1.0
最近刷到#95后小伙手搓AI眼镜体验失明的一天#真的有被感动到！...,jxrunsoft,其他,暖心，科技助力，社会关爱，加油！,1.0
最近刷到#95后小伙手搓AI眼镜体验失明的一天#真的有被感动到！...,口腔疾病防控中心,其他,科技与爱同行，共筑无障碍未来！,0.93
最近刷到#95后小伙手搓AI眼镜体验失明的一天#真的有被感动到！...,50wuyijiayou345,广东 佛山,为这位开发者点赞！社会关怀同样重要！,0.97
最近刷到#95后小伙手搓AI眼镜体验失明的一天#真的有被感动到！...,活泼爱东东,北京,这些年轻开发者，用AI点亮光，也点亮了希望。期待更多公益项目，让世界更温柔。,1.0
最近刷到#95后小伙手搓AI眼镜体验失明的一天#真的有被感动到！...,奶茶烧仙草大杯,其他,AI不长眼，但这份关怀让世界更光明！,0.99
最近刷到#95后小伙手搓AI眼镜体验失明的一天#真的有被感动到！...,三人一十八,重庆,太棒了！赞青年开发者，希望更多人关注视障，社会共助！,1.0
最近刷到#95后小伙手搓AI眼镜体验失明的一天#真的有被感动到！...,将恢复_660,浙江,AI眼镜助力视障，爱的力量无限大！,1.0
最近刷到#95后小伙手搓AI眼镜体验失明的一天#真的有被感动到！...,绿叶居我也是,北京,我们不仅需要更多的技术创新，更需要每一个个体去拥抱这些技术，成为推动社会进步的积极力量。,1.0
最近刷到#95后小伙手搓AI眼镜体验失明的一天#真的有被感动到！...,家油二小鬼,山西 运城,期待同这些人一起，为AI的发展贡献力量，让更多人共享数字时代的便捷。,1.0
最近刷到#95后小伙手搓AI眼镜体验失明的一天#真的有被感动到！...,也织个围,北京 东城区,魔搭社区就是这类活动的缩小版，年轻人通过创新思维和共同协作，极大地推动了人工智能领域的进步与公益事业的发展。,1.0
最近刷到#95后小伙手搓AI眼镜体验失明的一天#真的有被感动到！...,恒心坚毅事件,新疆,"前句制造意象冲突（如""失""化），后句点明价值方向。",0.99
最近刷到#95后小伙手搓AI眼镜体验失明的一天#真的有被感动到！...,喵阿妹o_1971,其他,哇，科技暖心，开源真好！为年轻开发者点赞！,1.0
最近刷到#95后小伙手搓AI眼镜体验失明的一天#真的有被感动到！...,SFSU_167,上海,AI助力公益，让世界更温暖。,1.0
最近刷到#95后小伙手搓AI眼镜体验失明的一天#真的有被感动到！...,英子mCgD,其他,视障朋友的出行并不孤单，因为有科技、公益和众多善心人士的同行。,1.0
最近刷到#95后小伙手搓AI眼镜体验失明的一天#真的有被感动到！...,zhicheng_yang_c76a71_556,广东,开源公益，让爱无界限，每个人都是致盲者的力量！,1.0
最近刷到#95后小伙手搓AI眼镜体验失明的一天#真的有被感动到！...,ydgaomeili,北京 石景山区,AI眼镜真是比红绿灯更贴心，期待这类公益项目越来越多！,1.0
最近刷到#95后小伙手搓AI眼镜体验失明的一天#真的有被感动到！...,愉悦人生8_573,广东,我们需要更多如帆哥这样的年轻人，用他们的智慧与热情，来解决实际的社会问题，共同营造一个包容、友好的AI社会环境。,1.0
最近刷到#95后小伙手搓AI眼镜体验失明的一天#真的有被感动到！...,快乐的是地方撒旦_866,四川,但是，要让AI真正发挥重要作用，还需要社会环境和每个人的关注。,0.99
最近刷到#95后小伙手搓AI眼镜体验失明的一天#真的有被感动到！...,本人浓情卡布奇诺,北京 东城区,AI技术真的很伟大，帮视障人士解决了出行难题！保护无障碍设施人人有责，全社会都应该参与进来！希望更多人关注并参与到这样的公益项目中来！小朋友，伸出援手帮助视障朋友吧！,1.0
最近刷到#95后小伙手搓AI眼镜体验失明的一天#真的有被感动到！...,啊尔萨斯爱你,湖南,每个设计、每条盲道都是为他们的出行铺就的桥梁。,0.71
最近刷到#95后小伙手搓AI眼镜体验失明的一天#真的有被感动到！...,apwb004,北京 海淀区,感动！技术让世界更温柔，社会关爱更坚定。,1.0
最近刷到#95后小伙手搓AI眼镜体验失明的一天#真的有被感动到！...,特地烂,福建 龙岩,太感动了，科技向善的力量！,0.99
最近刷到#95后小伙手搓AI眼镜体验失明的一天#真的有被感动到！...,ctl201014,其他,这项技术让人感动，更需社会关注与支持。为视障人士加油！,1.0
最近刷到#95后小伙手搓AI眼镜体验失明的一天#真的有被感动到！...,仙女湖畔家园,福建,这款AI眼镜太感人了，但维护社会环境同样重要！#AI能帮视障群体做什么#,0.98
最近刷到#95后小伙手搓AI眼镜体验失明的一天#真的有被感动到！...,无法消失2_916,福建,关注视障人士，就是关注文明社会的温度，加油！,1.0
最近刷到#95后小伙手搓AI眼镜体验失明的一天#真的有被感动到！...,几岁阿婆,内蒙古 通辽,技术与爱同行，助力视障人士自由行。,0.96
最近刷到#95后小伙手搓AI眼镜体验失明的一天#真的有被感动到！...,小鬼半仙er_442,宁夏,跨越障碍，共筑无障碍信息时代！🔮,0.92
最近刷到#95后小伙手搓AI眼镜体验失明的一天#真的有被感动到！...,谦虚的不要问我,江西 南昌,AI的发展与公益的结合无疑是技术人性化进程中的关键一步。,1.0
最近刷到#95后小伙手搓AI眼镜体验失明的一天#真的有被感动到！...,ling2012牛仔,福建 福州,盲道不被占用，出行不再难；公益项目多，温暖你我他。,0.99
最近刷到#95后小伙手搓AI眼镜体验失明的一天#真的有被感动到！...,欢乐喜多哆,江西,为年轻开发者点赞，利他亦利己！,0.99
最近刷到#95后小伙手搓AI眼镜体验失明的一天#真的有被感动到！...,阿紫豆豆,其他,开源公益，让AI更有温度，青年力量无敌！,1.0
最近刷到#95后小伙手搓AI眼镜体验失明的一天#真的有被感动到！...,老苏的救赎,其他,AI眼镜真的有帮助！期待更多开源项目能解决社会实际问题！,0.74
最近刷到#95后小伙手搓AI眼镜体验失明的一天#真的有被感动到！...,洋仔仔阿拉蕾,江苏 泰州,每一份努力都值得尊重。 #AI能帮视障群体做什么#,0.82
最近刷到#95后小伙手搓AI眼镜体验失明的一天#真的有被感动到！...,月亮睡了我还睡不着,江苏 苏州,[赞],0.92
最近刷到#95后小伙手搓AI眼镜体验失明的一天#真的有被感动到！...,培灿荣威,黑龙江 哈尔滨,科技普惠不够需护无障碍设施保盲道畅通,0.91
最近刷到#95后小伙手搓AI眼镜体验失明的一天#真的有被感动到！...,二中敏敏,北京,不光夸技术，保护盲道也重要，一起帮视障顺畅出行,0.97
最近刷到#95后小伙手搓AI眼镜体验失明的一天#真的有被感动到！...,wendellwhy,江西 新余,当算法遇见人文关怀，方知科技向善需要润物无声的土壤,1.0
最近刷到#95后小伙手搓AI眼镜体验失明的一天#真的有被感动到！...,强强仔仔来,山西,在探索AI善用、公益应用的同时，我们也要认识到，每个人都能参与到这个正能量的循环链条中。,1.0
最近刷到#95后小伙手搓AI眼镜体验失明的一天#真的有被感动到！...,安静狐狸看剧情,福建 龙岩,AI眼镜创新造福视障，社会关爱同样重要。开源公益，共筑无障碍未来。,1.0
最近刷到#95后小伙手搓AI眼镜体验失明的一天#真的有被感动到！...,琐玛黎海盗,广东 汕头,这也太暖了吧，科技向善，为这群开发者点赞！,0.93
最近刷到#95后小伙手搓AI眼镜体验失明的一天#真的有被感动到！...,在水上乐园写书评的小象,辽宁,无障碍出行，AI助力暖流澎湃！,0.98
最近刷到#95后小伙手搓AI眼镜体验失明的一天#真的有被感动到！...,观沧海_德尔惠广州,广东 广州,为视障生活开启智慧之光，AI有温度！,0.71
最近刷到#95后小伙手搓AI眼镜体验失明的一天#真的有被感动到！...,雪冰城加盟,其他,：嗯，用户发来的是一段关于AI眼镜项目的讨论，并且已经提供了生成评论的需求。,0.11
最近刷到#95后小伙手搓AI眼镜体验失明的一天#真的有被感动到！...,蓅下傷感,河南 新乡,：光有技术还不够，大家一起守护盲道同样重要！,0.85
最近刷到#95后小伙手搓AI眼镜体验失明的一天#真的有被感动到！...,稻草男人拜阔以,辽宁,开源大模型+百元硬件=温暖科技！支持这类正能量项目,1.0
最近刷到#95后小伙手搓AI眼镜体验失明的一天#真的有被感动到！...,瑞士的湖景,云南,AI赋能未来，爱心照亮人生，让我们一同传递光明！,1.0
最近刷到#95后小伙手搓AI眼镜体验失明的一天#真的有被感动到！...,酒窝大大哩,广东 东莞,技术陪伴视障人士生活，公益让AI更有温度。点亮更多盲道，共筑无碍社会。,1.0
最近刷到#95后小伙手搓AI眼镜体验失明的一天#真的有被感动到！...,钛空人手,广东 广州,科技助力视障更便捷，公益精神温暖人间，期待更多类似项目，共同守护无障碍环境。,1.0
最近刷到#95后小伙手搓AI眼镜体验失明的一天#真的有被感动到！...,韵城之都的管家,北京 石景山区,"AI lend solve disabilities, open source love, yet society's attention is vital for full benefit, youth lead AI passion inspiring.",0.06
最近刷到#95后小伙手搓AI眼镜体验失明的一天#真的有被感动到！...,火星安yu,山东 聊城,AI眼镜创新，技术与公益结合，点亮视障生活，见证了年轻开发者力量。走心！,1.0
最近刷到#95后小伙手搓AI眼镜体验失明的一天#真的有被感动到！...,用户7803184710,新疆,真的吗？[good][good][good][good][good][good][good],0.59
最近刷到#95后小伙手搓AI眼镜体验失明的一天#真的有被感动到！...,晨光里奔跑的少年,其他,啥时候上市,0.58
最近刷到#95后小伙手搓AI眼镜体验失明的一天#真的有被感动到！...,鲁鲁_loulou,北京,太强了，真实看到了AI如何改善特殊人情的日常生活。为博主点赞！,0.99
最近刷到#95后小伙手搓AI眼镜体验失明的一天#真的有被感动到！...,谢民安,其他,伟大！感动🥰,0.87
最近刷到#95后小伙手搓AI眼镜体验失明的一天#真的有被感动到！...,魔幻世界的人們,其他,期待ai可以幫助更多視障人士的那一天快到來！在這之前希望大眾先學會不佔用盲道從你我做起[加油],0.99
最近刷到#95后小伙手搓AI眼镜体验失明的一天#真的有被感动到！...,朱海舟,北京 朝阳区,就在前天，我约了@Mr厉害 聊这个项目，没想到已经有博主做出来了，并且完成度相当高。我们当时讨论的一个终极场景是盲人能不能通过 ai 眼镜像正常人一样用手机，看书，甚至…坐进电影院“看”电影。当然，更触动我的是，当我们有了一个很好的想法的时候，往往已经有人开始动手做，甚至已经有了第一个版,1.0
最近刷到#95后小伙手搓AI眼镜体验失明的一天#真的有被感动到！...,最好的就行,其他,博主真有耐心为视障人群服务，还切身体验，真的很有心！[心],1.0
最近刷到#95后小伙手搓AI眼镜体验失明的一天#真的有被感动到！...,阳哥Yang-,广西 贺州,科技应该发展的方向[打call],0.97
最近刷到#95后小伙手搓AI眼镜体验失明的一天#真的有被感动到！...,凡歌宇乔在路上,四川 成都,真好[心],0.85
最近刷到#95后小伙手搓AI眼镜体验失明的一天#真的有被感动到！...,通义大模型,其他,#95后小伙手搓AI眼镜体验失明的一天##AI能帮视障群体做什么# 很荣幸能成为这个公益项目的一份子[抱一抱],0.82
最近刷到#95后小伙手搓AI眼镜体验失明的一天#真的有被感动到！...,其实北极有企鹅,上海,想到刘慈欣的小说，带上她的眼镜[good],0.99
最近刷到#95后小伙手搓AI眼镜体验失明的一天#真的有被感动到！...,属停,山西 太原,哇哦好厉害加油继续研究,0.97
最近刷到#95后小伙手搓AI眼镜体验失明的一天#真的有被感动到！...,Lidar灵,江苏,太有意义了,0.43
最近刷到#95后小伙手搓AI眼镜体验失明的一天#真的有被感动到！...,泉水英语,其他,太强了，实用,0.25
最近刷到#95后小伙手搓AI眼镜体验失明的一天#真的有被感动到！...,睡方睡养,四川,有点热泪盈眶[赞],0.95
最近刷到#95后小伙手搓AI眼镜体验失明的一天#真的有被感动到！...,凡人-念头通达,山东 济南,头发放下来平时生活的样子也太帅了吧！,0.9
最近刷到#95后小伙手搓AI眼镜体验失明的一天#真的有被感动到！...,不知道叫啥的星星,广东 深圳,老爸最近因为黄斑病变带来的弱视，黄斑裂孔导致的手术困难，对他的心态影响很大，我要说给我老爸听，太感谢你了[给力],0.89
最近刷到#95后小伙手搓AI眼镜体验失明的一天#真的有被感动到！...,0voov0_ovovovovovovovovovovovo,河北 唐山,[送花花][送花花][送花花],0.93
最近刷到#95后小伙手搓AI眼镜体验失明的一天#真的有被感动到！...,煎饼英语课,青海,硬件成本才100多块，这个太不可思议了。,0.08
最近刷到#95后小伙手搓AI眼镜体验失明的一天#真的有被感动到！...,呆呆贝贝雷雷,其他,这个真的很好，我之前也想过，为什么都有无人驾驶的技术了，那为什么有视觉问题的人，没有一个类似无人导航的工具去帮助祂们，而且一定要低成本的。,0.92
最近刷到#95后小伙手搓AI眼镜体验失明的一天#真的有被感动到！...,你喜欢吃草莓菠萝嘛-,江西,博主好棒啊！,0.89
最近刷到#95后小伙手搓AI眼镜体验失明的一天#真的有被感动到！...,山隹君_自在,江苏 南京,侧面再加两个辅助摄像头感觉更好。,0.31
最近刷到#95后小伙手搓AI眼镜体验失明的一天#真的有被感动到！...,兑水_Fanta,其他,这他妈才是AI应该发展的方向啊[泪],0.97
最近刷到#95后小伙手搓AI眼镜体验失明的一天#真的有被感动到！...,看了想聊聊1,浙江 台州,这种科技好，服务人类Al才是好AI,0.98
最近刷到#95后小伙手搓AI眼镜体验失明的一天#真的有被感动到！...,海错珍馐应无数,其他,好棒！科技的意义[心]#无障碍# ,0.96
最近刷到#95后小伙手搓AI眼镜体验失明的一天#真的有被感动到！...,脑洞很大的十九封,河北 石家庄,真好，这就是我们现在的年轻人，有技术有情怀还有担当，真的在改变世界,1.0
最近刷到#95后小伙手搓AI眼镜体验失明的一天#真的有被感动到！...,兄弟电动,江苏,厉害,0.36
最近刷到#95后小伙手搓AI眼镜体验失明的一天#真的有被感动到！...,发什么条啊,四川 成都,这么好的视频居然没有热度……,0.53
最近刷到#95后小伙手搓AI眼镜体验失明的一天#真的有被感动到！...,Googo咕咕数码,其他,科技温暖世界！！！,0.99
最近刷到#95后小伙手搓AI眼镜体验失明的一天#真的有被感动到！...,熊仔playsc,福建 福州,AI和ai[good],0.47
最近刷到#95后小伙手搓AI眼镜体验失明的一天#真的有被感动到！...,舒女王Suven,广东 广州,真正把技术运用到有需要的人身上，这种产品研发的初心真的很令人动容。无条件崇拜这类创业者！加油👏,1.0
最近刷到#95后小伙手搓AI眼镜体验失明的一天#真的有被感动到！...,阡陌SE,河南 郑州,谢谢！,0.6
最近刷到#95后小伙手搓AI眼镜体验失明的一天#真的有被感动到！...,-金米-,上海,这个真的非常有意义！,0.62
最近刷到#95后小伙手搓AI眼镜体验失明的一天#真的有被感动到！...,西冷XL,浙江 杭州,太牛了,0.44
最近刷到#95后小伙手搓AI眼镜体验失明的一天#真的有被感动到！...,Smartisan98,广东 深圳,感动，加油加油！,1.0
最近刷到#95后小伙手搓AI眼镜体验失明的一天#真的有被感动到！...,德卤爱开车,上海 杨浦区,这个太牛逼了,0.52
最近刷到#95后小伙手搓AI眼镜体验失明的一天#真的有被感动到！...,幸运涛,上海 徐汇区,你们太棒了！！,0.78
最近刷到#95后小伙手搓AI眼镜体验失明的一天#真的有被感动到！...,业务员小韩,广东,虽然产品还远远没有到达实用程度，但这种尝试非常可贵，值得被尊敬和被赞扬。,0.92
最近刷到#95后小伙手搓AI眼镜体验失明的一天#真的有被感动到！...,冬眠醒醒魚,重庆 巴南区,伟大的创造,0.74
最近刷到#95后小伙手搓AI眼镜体验失明的一天#真的有被感动到！...,付玉祥,北京,太棒了！很有爱很有意义的一个项目。,0.99
最近刷到#95后小伙手搓AI眼镜体验失明的一天#真的有被感动到！...,付玉祥,北京,很有意义的一个公益项目,0.93
最近刷到#95后小伙手搓AI眼镜体验失明的一天#真的有被感动到！...,若kumm,其他,好棒，AI的意义体现出来了,0.94
最近刷到#95后小伙手搓AI眼镜体验失明的一天#真的有被感动到！...,若_朴,海南,科技改变生活，科技人万岁,0.99
最近刷到#95后小伙手搓AI眼镜体验失明的一天#真的有被感动到！...,jeff3068,其他,做有意义的事情，不论成功与否都很伟大！恭祝越来越成功！,0.93
最近刷到#95后小伙手搓AI眼镜体验失明的一天#真的有被感动到！...,80不是捌拾,广东,很有意义的研发，希望有机会可以完善普及,0.98
最近刷到#95后小伙手搓AI眼镜体验失明的一天#真的有被感动到！...,Mentu-L,广东 云浮,真的非常棒。ai回答江面景象时，我能体会到一种对未知且美好的求知渴望。,1.0
最近刷到#95后小伙手搓AI眼镜体验失明的一天#真的有被感动到！...,无条件-小陈,广东,牛逼克拉斯,0.67
最近刷到#95后小伙手搓AI眼镜体验失明的一天#真的有被感动到！...,心是孤独的捕猎手,河南 郑州,希望早日看到量产大规模上市，给那些视障乃至盲人朋友一个正常生活的机会。,0.95
最近刷到#95后小伙手搓AI眼镜体验失明的一天#真的有被感动到！...,想叫雪某某,辽宁 大连,失明的人有救了,0.52
最近刷到#95后小伙手搓AI眼镜体验失明的一天#真的有被感动到！...,当时青春,湖北,赶紧做更多呀//@通义大模型:#95后小伙手搓AI眼镜体验失明的一天##AI能帮视障群体做什么# 很荣幸能成为这个公益项目的一份子[抱一抱],0.94
最近刷到#95后小伙手搓AI眼镜体验失明的一天#真的有被感动到！...,中老年没钱水货,上海 长宁区,好厉害👍,0.46
最近刷到#95后小伙手搓AI眼镜体验失明的一天#真的有被感动到！...,蛋散Anson,广东 深圳,转发微博,0.64
最近刷到#95后小伙手搓AI眼镜体验失明的一天#真的有被感动到！...,如意金箍棒200608,其他,[good],0.5
最近刷到#95后小伙手搓AI眼镜体验失明的一天#真的有被感动到！...,沙做的兔子,上海 嘉定区,从小就觉得，在残障人士中，视障人群是最需要帮助的，希望更多人能够像博主那样，给他们更多的帮助。,0.99
最近刷到#95后小伙手搓AI眼镜体验失明的一天#真的有被感动到！...,大圣千钧棒,北京,大模型刚出来时也想过这个,0.83
最近刷到#95后小伙手搓AI眼镜体验失明的一天#真的有被感动到！...,Mosam木森,福建 厦门,了不起，加油,0.94
最近刷到#95后小伙手搓AI眼镜体验失明的一天#真的有被感动到！...,韩蜀黍2016,河北,博主真厉害，ai辅助生活,0.71
最近刷到#95后小伙手搓AI眼镜体验失明的一天#真的有被感动到！...,bigbigcool,北京,AI ai[泪],0.91
最近刷到#95后小伙手搓AI眼镜体验失明的一天#真的有被感动到！...,停不下的轮子,四川,非常有意义的一个项目，致敬[打call] 感觉后面可以接入地图sdk，用户可以直接说“我想回家”，就能够根据盲道分布情况计算出一条最优路径，再配合实时道路识别，慢慢导航用户回家。不过就还需要继续增加工作流，识别小区大门、进电梯按电梯这些，越来越工程化。,0.97
最近刷到#95后小伙手搓AI眼镜体验失明的一天#真的有被感动到！...,飞翼13,其他,这个AI和ai组成了一个完整的系统[泪],0.95
最近刷到#95后小伙手搓AI眼镜体验失明的一天#真的有被感动到！...,韭菜炒你家鸡蛋了吗,浙江,牛逼,0.69
最近刷到#95后小伙手搓AI眼镜体验失明的一天#真的有被感动到！...,Danny1782,福建 泉州,我觉得这个产品优先的市场不是盲人。而是老年人。其实我们很多长辈上了年纪眼睛看得不太清。而我们是舍得买这些科技产品给他们来提高生活质量的。这样的思路可能更容易成功。下一步再往全肓方向发展。,1.0
最近刷到#95后小伙手搓AI眼镜体验失明的一天#真的有被感动到！...,米斯特熊大大,其他,@开水族馆的生物男 希望早日量产，干死碰瓷导盲犬,0.09
最近刷到#95后小伙手搓AI眼镜体验失明的一天#真的有被感动到！...,南非狼牙,内蒙古 呼和浩特,非常有意义，这就是科技向善的力量。,0.99
最近刷到#95后小伙手搓AI眼镜体验失明的一天#真的有被感动到！...,永远的小渝干,四川,太伟大了,0.34
最近刷到#95后小伙手搓AI眼镜体验失明的一天#真的有被感动到！...,冬至没有白雪,其他,小时候这种眼镜只能出现在作文里,0.82
最近刷到#95后小伙手搓AI眼镜体验失明的一天#真的有被感动到！...,菀彼青青KZ,山东 威海,转发微博,0.64
最近刷到#95后小伙手搓AI眼镜体验失明的一天#真的有被感动到！...,晕血的刽子手,安徽 马鞍山,最感动的是那句“AI+ai组成了一个完整的系统”，科技造福人类的真实写照,1.0
最近刷到#95后小伙手搓AI眼镜体验失明的一天#真的有被感动到！...,绿芽香,江苏 苏州,这才是AI真正的意义！[赞][赞][赞]正是有博主小哥们这类人的存在，世界才更美好！,1.0
最近刷到#95后小伙手搓AI眼镜体验失明的一天#真的有被感动到！...,CharleszZhou,湖北,加油,0.9
最近刷到#95后小伙手搓AI眼镜体验失明的一天#真的有被感动到！...,张奘包,其他,很有爱的一期[心],0.87
最近刷到#95后小伙手搓AI眼镜体验失明的一天#真的有被感动到！...,我有我莹,广东 韶关,转发微博,0.64
最近刷到#95后小伙手搓AI眼镜体验失明的一天#真的有被感动到！...,热衷花式泡茶的唐诗诗,黑龙江 哈尔滨,加油！！早日实现，让视障人群出门更顺畅[加油],0.99
最近刷到#95后小伙手搓AI眼镜体验失明的一天#真的有被感动到！...,倘若如果真有如果,陕西 西安,主播很棒……支持支持……,0.97
最近刷到#95后小伙手搓AI眼镜体验失明的一天#真的有被感动到！...,L小姐在想你,江西 九江,[泪]看哭了,0.97
最近刷到#95后小伙手搓AI眼镜体验失明的一天#真的有被感动到！...,红树营,其他,只是语音提示，以后能发展到脑机接口就好了,0.96
最近刷到#95后小伙手搓AI眼镜体验失明的一天#真的有被感动到！...,Fong_Vi,广东 深圳,感动，帆哥加油[good][good][good],0.99
最近刷到#95后小伙手搓AI眼镜体验失明的一天#真的有被感动到！...,波波今天吃饭了吗,其他,好厉害！！[手指比心],0.47
最近刷到#95后小伙手搓AI眼镜体验失明的一天#真的有被感动到！...,ai_you1,其他,感动,0.88
最近刷到#95后小伙手搓AI眼镜体验失明的一天#真的有被感动到！...,辉_chang,江苏 苏州,这个好，这才是科技造福人类,0.98
最近刷到#95后小伙手搓AI眼镜体验失明的一天#真的有被感动到！...,做好自己的NPC,其他,哥们你要火了,0.47
最近刷到#95后小伙手搓AI眼镜体验失明的一天#真的有被感动到！...,WeixxieW,上海 浦东新区,很棒[good],0.85
最近刷到#95后小伙手搓AI眼镜体验失明的一天#真的有被感动到！...,玫瑰花茶_有点甜,北京,科技的意义,0.82
最近刷到#95后小伙手搓AI眼镜体验失明的一天#真的有被感动到！...,SUNNY逛吃,辽宁 大连,微博别给我推送了[裂开]广告营销这是花了多少钱啊[黑线],0.03
最近刷到#95后小伙手搓AI眼镜体验失明的一天#真的有被感动到！...,阿吴真的很论阵,其他,太棒啦！[鼓掌],0.96
最近刷到#95后小伙手搓AI眼镜体验失明的一天#真的有被感动到！...,我是余妹,广东 惠州,唉 为什么大家要占用盲道,0.59
最近刷到#95后小伙手搓AI眼镜体验失明的一天#真的有被感动到！...,银河沉浸自习室,安徽,这个事情做的可真是正能量，服务人民,0.94
最近刷到#95后小伙手搓AI眼镜体验失明的一天#真的有被感动到！...,Miki_长安,安徽 合肥,棒！,0.95
最近刷到#95后小伙手搓AI眼镜体验失明的一天#真的有被感动到！...,有从无中来无从有中去,其他,[good][good][good],0.5
最近刷到#95后小伙手搓AI眼镜体验失明的一天#真的有被感动到！...,十二月无雨,湖南 长沙,为民谋福利者，不可使其奋战而孤军,1.0
最近刷到#95后小伙手搓AI眼镜体验失明的一天#真的有被感动到！...,xininheart,河南 郑州,有意义[good],0.59
最近刷到#95后小伙手搓AI眼镜体验失明的一天#真的有被感动到！...,美好星火,江西 南昌,续航和信号稳定传输的问题也是难点吧,0.96
最近刷到#95后小伙手搓AI眼镜体验失明的一天#真的有被感动到！...,小疯不吃肉,天津 南开区,这对盲人来说简直就是重新长了第三只眼,0.23
最近刷到#95后小伙手搓AI眼镜体验失明的一天#真的有被感动到！...,爱旎的小羊,福建 莆田,好棒,0.88
最近刷到#95后小伙手搓AI眼镜体验失明的一天#真的有被感动到！...,晨星皓天,广东 深圳,为楼主点赞,0.89
最近刷到#95后小伙手搓AI眼镜体验失明的一天#真的有被感动到！...,evelynshu,江苏 南京,厉害,0.36
最近刷到#95后小伙手搓AI眼镜体验失明的一天#真的有被感动到！...,在电影院听歌剧的鸢尾,台湾,"我哥就是後天視障者,這個發明很棒,可以多測在家裡找衣服找東西,在冰箱找食材,辨識洗髮精潤髮乳.若未來可以根據要求記錄了人臉,這樣誰來了就可以提示誰來了,例如面前的人是妹妹[可爱] 外灘那段是我想過的,不過我當時是想我用人聲敘述風景,但沒想到會有AI眼鏡發明而且說詞比我好👍",0.0
最近刷到#95后小伙手搓AI眼镜体验失明的一天#真的有被感动到！...,bwm不是bmw改号,其他,支持探索者,0.97
最近刷到#95后小伙手搓AI眼镜体验失明的一天#真的有被感动到！...,元亨利贞不偏激,其他,有链接吗？,0.39
最近刷到#95后小伙手搓AI眼镜体验失明的一天#真的有被感动到！...,潮汕安迪叔,其他,这才是智能服务人类,0.88
最近刷到#95后小伙手搓AI眼镜体验失明的一天#真的有被感动到！...,Cashflow,北京,太不容易了，为你点赞[good],0.43
最近刷到#95后小伙手搓AI眼镜体验失明的一天#真的有被感动到！...,波萝的海盗,其他,这个项目好呀，我投了,0.58
最近刷到#95后小伙手搓AI眼镜体验失明的一天#真的有被感动到！...,王鱼雨,其他,非常的支持，请问能否研究开发，[允悲]共创？,0.95
最近刷到#95后小伙手搓AI眼镜体验失明的一天#真的有被感动到！...,老熊xinyadesign,其他,酷😎,0.72
最近刷到#95后小伙手搓AI眼镜体验失明的一天#真的有被感动到！...,已经换号啦啦啦,其他,Excelente ,0.5
最近刷到#95后小伙手搓AI眼镜体验失明的一天#真的有被感动到！...,二队行,陕西 西安,突然明白《士兵突击》里许三多说的：做有意义的事。,0.11
最近刷到#95后小伙手搓AI眼镜体验失明的一天#真的有被感动到！...,渭北铁皮门市部,新疆 乌鲁木齐,好牛啊,0.74
最近刷到#95后小伙手搓AI眼镜体验失明的一天#真的有被感动到！...,Chen_Yujeu,浙江,这不比什么狗好多了,0.87
#95后小伙手搓AI眼镜体验失明的一天#天冷了，来看点暖心事儿。上海95后开发者帆哥和团队他们用半年时间，做出了一款AI眼镜。...,冰奶绿冰奶绿,福建 福州,这就是科技的意义,0.82
#95后小伙手搓AI眼镜体验失明的一天#天冷了，来看点暖心事儿。上海95后开发者帆哥和团队他们用半年时间，做出了一款AI眼镜。...,信海云天,辽宁 抚顺,继续加油吧，科技改变生活,1.0
#95后小伙手搓AI眼镜体验失明的一天#天冷了，来看点暖心事儿。上海95后开发者帆哥和团队他们用半年时间，做出了一款AI眼镜。...,你想让我叫什么好,四川 成都,开源不仅促进了技术的普及，更传递了温暖与善意，为视障群体带来光明,1.0
#95后小伙手搓AI眼镜体验失明的一天#天冷了，来看点暖心事儿。上海95后开发者帆哥和团队他们用半年时间，做出了一款AI眼镜。...,数码科技梦工厂,河南,这个我也是挺看好的，真好用,0.75
#95后小伙手搓AI眼镜体验失明的一天#天冷了，来看点暖心事儿。上海95后开发者帆哥和团队他们用半年时间，做出了一款AI眼镜。...,hahahoney,天津,这就是科技带来的温度，帮助到有需要的群体更有质量地生活,0.96
#95后小伙手搓AI眼镜体验失明的一天#天冷了，来看点暖心事儿。上海95后开发者帆哥和团队他们用半年时间，做出了一款AI眼镜。...,崽崽在北城呀,山东,科技最好的作用就是如此,0.9
#95后小伙手搓AI眼镜体验失明的一天#天冷了，来看点暖心事儿。上海95后开发者帆哥和团队他们用半年时间，做出了一款AI眼镜。...,冰灵千山暮雪,其他,只有亲自体验才能了解和做出好产品,0.63
#95后小伙手搓AI眼镜体验失明的一天#天冷了，来看点暖心事儿。上海95后开发者帆哥和团队他们用半年时间，做出了一款AI眼镜。...,凌云架上展辉煌,山东 济宁,科技助行，仁心铺路，点亮前行。,0.91
#95后小伙手搓AI眼镜体验失明的一天#天冷了，来看点暖心事儿。上海95后开发者帆哥和团队他们用半年时间，做出了一款AI眼镜。...,鱼圈天菜,其他,我去，咋做到的，卖多少钱啊，材料不超百元，快生产吧,0.2
#95后小伙手搓AI眼镜体验失明的一天#天冷了，来看点暖心事儿。上海95后开发者帆哥和团队他们用半年时间，做出了一款AI眼镜。...,桃白Bai_9527,香港,这才是科技的意义，希望这种眼镜能帮助到更多的人,0.74
#95后小伙手搓AI眼镜体验失明的一天#天冷了，来看点暖心事儿。上海95后开发者帆哥和团队他们用半年时间，做出了一款AI眼镜。...,You悠我沁,福建,挺好的，可以减少导盲犬的工作了吧,0.95
#95后小伙手搓AI眼镜体验失明的一天#天冷了，来看点暖心事儿。上海95后开发者帆哥和团队他们用半年时间，做出了一款AI眼镜。...,今日份甜度满格,广东 中山,95后团队善举，开源AI眼镜照亮视障之路！,0.85
#95后小伙手搓AI眼镜体验失明的一天#天冷了，来看点暖心事儿。上海95后开发者帆哥和团队他们用半年时间，做出了一款AI眼镜。...,妞妞爱朵朵,重庆,95后用AI做百元眼镜，助视障者出行太暖心！,0.75
#95后小伙手搓AI眼镜体验失明的一天#天冷了，来看点暖心事儿。上海95后开发者帆哥和团队他们用半年时间，做出了一款AI眼镜。...,潇洒一副无所谓1,四川 宜宾,[抱一抱][抱一抱][抱一抱]这是真的非常温暖的科技啊,1.0
#95后小伙手搓AI眼镜体验失明的一天#天冷了，来看点暖心事儿。上海95后开发者帆哥和团队他们用半年时间，做出了一款AI眼镜。...,汐汐哈哈111111,重庆,低成本高实用性的设计，让科技真正服务于特殊群体,0.81
#95后小伙手搓AI眼镜体验失明的一天#天冷了，来看点暖心事儿。上海95后开发者帆哥和团队他们用半年时间，做出了一款AI眼镜。...,七安与九思,广东 梅州,不占盲道护设施科技加善意才是无障碍真谛,0.79
#95后小伙手搓AI眼镜体验失明的一天#天冷了，来看点暖心事儿。上海95后开发者帆哥和团队他们用半年时间，做出了一款AI眼镜。...,根着感觉赱,其他,看了这个故事之后，我也觉得心里暖暖的,0.91
#95后小伙手搓AI眼镜体验失明的一天#天冷了，来看点暖心事儿。上海95后开发者帆哥和团队他们用半年时间，做出了一款AI眼镜。...,捍卫宇宙和平的美少女,其他,用低成本做大事，这才是开源的真正魅力,0.88
#95后小伙手搓AI眼镜体验失明的一天#天冷了，来看点暖心事儿。上海95后开发者帆哥和团队他们用半年时间，做出了一款AI眼镜。...,翻车的鸡翅土豆条,四川 成都,帮视障者识盲道、过马路，科技就该这么有温度,0.45
#95后小伙手搓AI眼镜体验失明的一天#天冷了，来看点暖心事儿。上海95后开发者帆哥和团队他们用半年时间，做出了一款AI眼镜。...,一二罐头,四川 自贡,百元成本+开源，让视障群体也能轻松用科技,0.89
#95后小伙手搓AI眼镜体验失明的一天#天冷了，来看点暖心事儿。上海95后开发者帆哥和团队他们用半年时间，做出了一款AI眼镜。...,木木艾b,安徽,太有细节了呢，确实让人感觉到用心程度很强,0.98
#95后小伙手搓AI眼镜体验失明的一天#天冷了，来看点暖心事儿。上海95后开发者帆哥和团队他们用半年时间，做出了一款AI眼镜。...,甜即真理,广东,不仅分享技术，更呼吁无障碍设施，格局打开了,0.07
#95后小伙手搓AI眼镜体验失明的一天#天冷了，来看点暖心事儿。上海95后开发者帆哥和团队他们用半年时间，做出了一款AI眼镜。...,Jacqekaby,海外,感受到科技给大家带来的方便和意义的,0.92
#95后小伙手搓AI眼镜体验失明的一天#天冷了，来看点暖心事儿。上海95后开发者帆哥和团队他们用半年时间，做出了一款AI眼镜。...,淋一场豪大的雨,其他,呼吁爱护盲道设施，每个人都能为此贡献力量,0.99
#95后小伙手搓AI眼镜体验失明的一天#天冷了，来看点暖心事儿。上海95后开发者帆哥和团队他们用半年时间，做出了一款AI眼镜。...,流行小当家干吃面,其他,年轻开发者用低成本AI服务每个人,0.7
#95后小伙手搓AI眼镜体验失明的一天#天冷了，来看点暖心事儿。上海95后开发者帆哥和团队他们用半年时间，做出了一款AI眼镜。...,RP-我有水银不会死,福建,亲身测试显真诚，科技终于回归到人的需求,1.0
#95后小伙手搓AI眼镜体验失明的一天#天冷了，来看点暖心事儿。上海95后开发者帆哥和团队他们用半年时间，做出了一款AI眼镜。...,蹭亮蹭亮的菜刀,其他, 平时真没注意盲道被占的问题，以后得多留心,0.66
#95后小伙手搓AI眼镜体验失明的一天#天冷了，来看点暖心事儿。上海95后开发者帆哥和团队他们用半年时间，做出了一款AI眼镜。...,乌哩66,其他,科技真的改变所有人的生活啊,0.99
#95后小伙手搓AI眼镜体验失明的一天#天冷了，来看点暖心事儿。上海95后开发者帆哥和团队他们用半年时间，做出了一款AI眼镜。...,爱画画的小人,其他,ai让更多人体验到便利啊,0.92
#95后小伙手搓AI眼镜体验失明的一天#天冷了，来看点暖心事儿。上海95后开发者帆哥和团队他们用半年时间，做出了一款AI眼镜。...,猫猫在六点半醒了,山东 烟台,低成本开源设计，让科技惠及更多需要的人,0.93
#95后小伙手搓AI眼镜体验失明的一天#天冷了，来看点暖心事儿。上海95后开发者帆哥和团队他们用半年时间，做出了一款AI眼镜。...,盛世华诞ZG,四川,AI当“第三只眼”，更需无障碍设施完善,0.44
#95后小伙手搓AI眼镜体验失明的一天#天冷了，来看点暖心事儿。上海95后开发者帆哥和团队他们用半年时间，做出了一款AI眼镜。...,侧翻的草莓熊,其他,硬件成本不过百元，这性价比也很高,0.55
#95后小伙手搓AI眼镜体验失明的一天#天冷了，来看点暖心事儿。上海95后开发者帆哥和团队他们用半年时间，做出了一款AI眼镜。...,无趣的像笨蛋,福建,用技术温暖世界，让AI成为视障者的眼睛,0.99
#95后小伙手搓AI眼镜体验失明的一天#天冷了，来看点暖心事儿。上海95后开发者帆哥和团队他们用半年时间，做出了一款AI眼镜。...,芋泥泡芙烤布蕾,海外, 还开源硬件清单真的有在认真帮大家,0.19
#95后小伙手搓AI眼镜体验失明的一天#天冷了，来看点暖心事儿。上海95后开发者帆哥和团队他们用半年时间，做出了一款AI眼镜。...,蛇的七寸在哪里,其他,这就是科技的魅力了啊,0.96
#95后小伙手搓AI眼镜体验失明的一天#天冷了，来看点暖心事儿。上海95后开发者帆哥和团队他们用半年时间，做出了一款AI眼镜。...,可爱的小陈啦啦啦,其他,好科技该服务于人，年轻开发者正践行这点,0.94
#95后小伙手搓AI眼镜体验失明的一天#天冷了，来看点暖心事儿。上海95后开发者帆哥和团队他们用半年时间，做出了一款AI眼镜。...,霍格沃茨优秀走读生,海外, 提醒不占盲道这种细节真的好贴心,0.99
#95后小伙手搓AI眼镜体验失明的一天#天冷了，来看点暖心事儿。上海95后开发者帆哥和团队他们用半年时间，做出了一款AI眼镜。...,捡瓶瓶的盖盖,其他, 用科技帮视障群体真的又暖又厉害,0.71
#95后小伙手搓AI眼镜体验失明的一天#天冷了，来看点暖心事儿。上海95后开发者帆哥和团队他们用半年时间，做出了一款AI眼镜。...,a时光慢走321,广东,让科技帮到更多人,0.89
#95后小伙手搓AI眼镜体验失明的一天#天冷了，来看点暖心事儿。上海95后开发者帆哥和团队他们用半年时间，做出了一款AI眼镜。...,村上男神,湖南,科技就是要带来温暖的,0.98
#95后小伙手搓AI眼镜体验失明的一天#天冷了，来看点暖心事儿。上海95后开发者帆哥和团队他们用半年时间，做出了一款AI眼镜。...,格式化589,广东 清远,看看能不能帮到特殊人群,0.73
#95后小伙手搓AI眼镜体验失明的一天#天冷了，来看点暖心事儿。上海95后开发者帆哥和团队他们用半年时间，做出了一款AI眼镜。...,倾心和释怀,广东,科技改变生活点点滴滴各方面吧,1.0
#95后小伙手搓AI眼镜体验失明的一天#天冷了，来看点暖心事儿。上海95后开发者帆哥和团队他们用半年时间，做出了一款AI眼镜。...,深海蓝蓝two,山东 济南,AI当“第三只眼”！帆哥蒙眼靠眼镜27分钟穿四街区，科技超暖。,0.07
#95后小伙手搓AI眼镜体验失明的一天#天冷了，来看点暖心事儿。上海95后开发者帆哥和团队他们用半年时间，做出了一款AI眼镜。...,坏情绪需要得到宣泄,湖南 衡阳,完全就很有真诚的，确实就是感受到了科技改变生,0.99
#95后小伙手搓AI眼镜体验失明的一天#天冷了，来看点暖心事儿。上海95后开发者帆哥和团队他们用半年时间，做出了一款AI眼镜。...,KernuToT,其他,年轻开发者真了不起，用智慧让社会更美好,1.0
#95后小伙手搓AI眼镜体验失明的一天#天冷了，来看点暖心事儿。上海95后开发者帆哥和团队他们用半年时间，做出了一款AI眼镜。...,荼苜须,其他,AI当第三只眼更需无障碍设施,0.37
#95后小伙手搓AI眼镜体验失明的一天#天冷了，来看点暖心事儿。上海95后开发者帆哥和团队他们用半年时间，做出了一款AI眼镜。...,暮色暮l,北京 顺义区,我也是非常的想去体验一下的，真的是太赞,0.93
#95后小伙手搓AI眼镜体验失明的一天#天冷了，来看点暖心事儿。上海95后开发者帆哥和团队他们用半年时间，做出了一款AI眼镜。...,佩罗童话集,上海,太有吸引力了，这款的智能也是很到位的,0.88
#95后小伙手搓AI眼镜体验失明的一天#天冷了，来看点暖心事儿。上海95后开发者帆哥和团队他们用半年时间，做出了一款AI眼镜。...,一个落入凡间的精灵,上海 黄浦区,看到盲道上横七竖八的共享单车，我也说科技抵不过现实，人心才是照亮前途的第一盏灯。,1.0
#95后小伙手搓AI眼镜体验失明的一天#天冷了，来看点暖心事儿。上海95后开发者帆哥和团队他们用半年时间，做出了一款AI眼镜。...,到底让不让改昵称,上海 徐汇区,这个东西如果把实时性解决掉 非常有前景 对所有视觉障碍人士来说 算是非常大的利好,0.83
#95后小伙手搓AI眼镜体验失明的一天#天冷了，来看点暖心事儿。上海95后开发者帆哥和团队他们用半年时间，做出了一款AI眼镜。...,手机用户3315098675,其他,成品什么时候可以出，农村地区能用吗？,0.5
#95后小伙手搓AI眼镜体验失明的一天#天冷了，来看点暖心事儿。上海95后开发者帆哥和团队他们用半年时间，做出了一款AI眼镜。...,内有风雷万千国,山东 济南,//@冰奶绿冰奶绿:这就是科技的意义,0.84
#95后小伙手搓AI眼镜体验失明的一天#天冷了，来看点暖心事儿。上海95后开发者帆哥和团队他们用半年时间，做出了一款AI眼镜。...,_呜啦啦啦氏,广东,这个太棒了吧[泪],0.99
#95后小伙手搓AI眼镜体验失明的一天#天冷了，来看点暖心事儿。上海95后开发者帆哥和团队他们用半年时间，做出了一款AI眼镜。...,李_折秀,其他,这才是ai的正确使用方法吧,0.75
#95后小伙手搓AI眼镜体验失明的一天#天冷了，来看点暖心事儿。上海95后开发者帆哥和团队他们用半年时间，做出了一款AI眼镜。...,不是羊蜜,其他,也是让科技变得更有魅力了,0.99
#95后小伙手搓AI眼镜体验失明的一天#天冷了，来看点暖心事儿。上海95后开发者帆哥和团队他们用半年时间，做出了一款AI眼镜。...,冬雪凌灵,其他,逐渐走向科技时代[打call],1.0
#95后小伙手搓AI眼镜体验失明的一天#天冷了，来看点暖心事儿。上海95后开发者帆哥和团队他们用半年时间，做出了一款AI眼镜。...,可以用的哦,山东,年轻开发者用开源搞百元导盲眼镜，科技不高冷，暖到视障心里。,0.96
#95后小伙手搓AI眼镜体验失明的一天#天冷了，来看点暖心事儿。上海95后开发者帆哥和团队他们用半年时间，做出了一款AI眼镜。...,成熟仙草在编程,其他,AI成视障者“第三只眼”，科技服务真贴心！,0.98
#95后小伙手搓AI眼镜体验失明的一天#天冷了，来看点暖心事儿。上海95后开发者帆哥和团队他们用半年时间，做出了一款AI眼镜。...,5是大青蛙呀,山东,帆哥做AI眼镜体验失明，喊人护盲道，科技暖又懂视障真需求。,0.95
#95后小伙手搓AI眼镜体验失明的一天#天冷了，来看点暖心事儿。上海95后开发者帆哥和团队他们用半年时间，做出了一款AI眼镜。...,BEWITHU-four,山东,百元开源AI眼镜能导盲，帆哥团队开源技术，让科技贴地服务人。,0.8
#95后小伙手搓AI眼镜体验失明的一天#天冷了，来看点暖心事儿。上海95后开发者帆哥和团队他们用半年时间，做出了一款AI眼镜。...,有没有有65,广东,年轻开发者给力，低成本AI温暖视障群体！,0.97
#95后小伙手搓AI眼镜体验失明的一天#天冷了，来看点暖心事儿。上海95后开发者帆哥和团队他们用半年时间，做出了一款AI眼镜。...,乌云日记-11,山东,95后帆哥手搓百元AI眼镜，帮视障识路逛超市，暖心又实用。,0.99
#95后小伙手搓AI眼镜体验失明的一天#天冷了，来看点暖心事儿。上海95后开发者帆哥和团队他们用半年时间，做出了一款AI眼镜。...,可爱的妞妞和朵朵,其他,开源AI眼镜超棒，让视障朋友出行更有保障！,0.98
#95后小伙手搓AI眼镜体验失明的一天#天冷了，来看点暖心事儿。上海95后开发者帆哥和团队他们用半年时间，做出了一款AI眼镜。...,阳光总在风雨后我们2,四川 宜宾,[期待][期待]直接服务到每个人才是最好的,0.84
#95后小伙手搓AI眼镜体验失明的一天#天冷了，来看点暖心事儿。上海95后开发者帆哥和团队他们用半年时间，做出了一款AI眼镜。...,汝怀慕慕3,四川 宜宾,[鼓掌][鼓掌][鼓掌]这才是真正科技带来的生活便利。,1.0
#95后小伙手搓AI眼镜体验失明的一天#天冷了，来看点暖心事儿。上海95后开发者帆哥和团队他们用半年时间，做出了一款AI眼镜。...,桔梗嫣然4,其他,[哇][哇][哇]这样的科技才是真的完美,0.86
#95后小伙手搓AI眼镜体验失明的一天#天冷了，来看点暖心事儿。上海95后开发者帆哥和团队他们用半年时间，做出了一款AI眼镜。...,他忘了穿秋裤5,四川,[打call][打call][打call]真的的感受到了科技的力量。,0.99
#95后小伙手搓AI眼镜体验失明的一天#天冷了，来看点暖心事儿。上海95后开发者帆哥和团队他们用半年时间，做出了一款AI眼镜。...,吃西瓜的涵涵,其他,科技与公益结合，为无障碍环境建设提供新思路,0.98
#95后小伙手搓AI眼镜体验失明的一天#天冷了，来看点暖心事儿。上海95后开发者帆哥和团队他们用半年时间，做出了一款AI眼镜。...,蓝湾的小小花,其他,开源共享技术方案，推动更多创新解决实际社会问题,0.99
#95后小伙手搓AI眼镜体验失明的一天#天冷了，来看点暖心事儿。上海95后开发者帆哥和团队他们用半年时间，做出了一款AI眼镜。...,悦悦在攀爬,其他,开发者亲身测试的行为，体现对视障需求的深刻理解,0.96
#95后小伙手搓AI眼镜体验失明的一天#天冷了，来看点暖心事儿。上海95后开发者帆哥和团队他们用半年时间，做出了一款AI眼镜。...,蓝莓汁零思思,广东,科技回归人本 年轻开发者用行动诠释初心,1.0
#95后小伙手搓AI眼镜体验失明的一天#天冷了，来看点暖心事儿。上海95后开发者帆哥和团队他们用半年时间，做出了一款AI眼镜。...,摆烂小鱼玲伞伞,四川 达州,开源力量超给力 低成本科技温暖人心,1.0
#95后小伙手搓AI眼镜体验失明的一天#天冷了，来看点暖心事儿。上海95后开发者帆哥和团队他们用半年时间，做出了一款AI眼镜。...,桑头牌耶,重庆,科技此时此刻也有了温度,0.82
#95后小伙手搓AI眼镜体验失明的一天#天冷了，来看点暖心事儿。上海95后开发者帆哥和团队他们用半年时间，做出了一款AI眼镜。...,谭葩葩的精神食粮,湖南 永州,技术落地民生需求 这才是科技的温度,0.98
#95后小伙手搓AI眼镜体验失明的一天#天冷了，来看点暖心事儿。上海95后开发者帆哥和团队他们用半年时间，做出了一款AI眼镜。...,古拉咪,重庆,这种事情真的很感人非常温暖,1.0
#95后小伙手搓AI眼镜体验失明的一天#天冷了，来看点暖心事儿。上海95后开发者帆哥和团队他们用半年时间，做出了一款AI眼镜。...,星河拾梦-,其他,把AI变成“第三只眼”，年轻开发者们真的太酷了,0.79
#95后小伙手搓AI眼镜体验失明的一天#天冷了，来看点暖心事儿。上海95后开发者帆哥和团队他们用半年时间，做出了一款AI眼镜。...,耶耶最最最重要,广东,好的科技就该是这样，温暖又有力量,1.0
#95后小伙手搓AI眼镜体验失明的一天#天冷了，来看点暖心事儿。上海95后开发者帆哥和团队他们用半年时间，做出了一款AI眼镜。...,小奈在干饭,其他,科技在此刻变得更加有意义了,0.98
#95后小伙手搓AI眼镜体验失明的一天#天冷了，来看点暖心事儿。上海95后开发者帆哥和团队他们用半年时间，做出了一款AI眼镜。...,额哩天,重庆,看得我心软软真的很暖心,0.94
#95后小伙手搓AI眼镜体验失明的一天#天冷了，来看点暖心事儿。上海95后开发者帆哥和团队他们用半年时间，做出了一款AI眼镜。...,无辜仙人掌,其他,这一刻我突然觉得科技也有了温度,0.83
#95后小伙手搓AI眼镜体验失明的一天#天冷了，来看点暖心事儿。上海95后开发者帆哥和团队他们用半年时间，做出了一款AI眼镜。...,今晚早点睡吧嘻嘻,河南,有这么多强大的功能，肯定很适合不便人群,0.97
#95后小伙手搓AI眼镜体验失明的一天#天冷了，来看点暖心事儿。上海95后开发者帆哥和团队他们用半年时间，做出了一款AI眼镜。...,布布仔罐头,四川,帮视障者独立出行，还呼吁完善无障碍设施超暖心,0.74
#95后小伙手搓AI眼镜体验失明的一天#天冷了，来看点暖心事儿。上海95后开发者帆哥和团队他们用半年时间，做出了一款AI眼镜。...,南风凉y,其他,好想带上感受一下究竟怎么样啊？[doge],0.87
#95后小伙手搓AI眼镜体验失明的一天#天冷了，来看点暖心事儿。上海95后开发者帆哥和团队他们用半年时间，做出了一款AI眼镜。...,小小肉包姐,四川 自贡,蒙眼测试过四街区，科技终于成了贴心工具,0.99
#95后小伙手搓AI眼镜体验失明的一天#天冷了，来看点暖心事儿。上海95后开发者帆哥和团队他们用半年时间，做出了一款AI眼镜。...,笋尖小蜜桃,其他,开源力量超强大，科技有温度,0.99
#95后小伙手搓AI眼镜体验失明的一天#天冷了，来看点暖心事儿。上海95后开发者帆哥和团队他们用半年时间，做出了一款AI眼镜。...,额我只喝露水,北京,科技变温暖工具，太戳心了,1.0
#95后小伙手搓AI眼镜体验失明的一天#天冷了，来看点暖心事儿。上海95后开发者帆哥和团队他们用半年时间，做出了一款AI眼镜。...,落日垃圾桶cc,北京 东城区,这些陌生人的反应看着也是让人很感动，很温暖,0.99
#95后小伙手搓AI眼镜体验失明的一天#天冷了，来看点暖心事儿。上海95后开发者帆哥和团队他们用半年时间，做出了一款AI眼镜。...,苯苯猪pig,四川,用低成本科技帮视障者“看见”[努力],0.68
#95后小伙手搓AI眼镜体验失明的一天#天冷了，来看点暖心事儿。上海95后开发者帆哥和团队他们用半年时间，做出了一款AI眼镜。...,不过是只猫咪,其他,代码硬件全公开，格局拉满,0.21
#95后小伙手搓AI眼镜体验失明的一天#天冷了，来看点暖心事儿。上海95后开发者帆哥和团队他们用半年时间，做出了一款AI眼镜。...,旺仔牛奶可太好喝了吧,海外,这个小伙子也非常的有才华，很让人佩服,0.99
陆续入局 AI眼镜的玩家:苹果、META、华为、理想、阿里、字节...,爱莎MAAJ,其他,真正的竞争，不在于谁先入局，而在于谁能定义体验。未来的红海，胜负不在硬件，而在生态与信任。⚙️👁️,0.99
陆续入局 AI眼镜的玩家:苹果、META、华为、理想、阿里、字节...,gonia111,海外 新加坡,SNAP是最先搞得吧 明年量产,0.53
陆续入局 AI眼镜的玩家:苹果、META、华为、理想、阿里、字节...,wanglq_522,其他,觉得还是华为，基本上哪一个方面都是头部,0.18
陆续入局 AI眼镜的玩家:苹果、META、华为、理想、阿里、字节...,心飞阳123,安徽 阜阳,AI发展的越来越好，越来越贴近生活,1.0
陆续入局 AI眼镜的玩家:苹果、META、华为、理想、阿里、字节...,她与余生迷离,江苏,一片海,0.79
陆续入局 AI眼镜的玩家:苹果、META、华为、理想、阿里、字节...,橙子不甜不吃_,河南 新乡,字节也有吗？,0.75
陆续入局 AI眼镜的玩家:苹果、META、华为、理想、阿里、字节...,幸运的小锁锁,广东 清远,市场竞争太激烈了,0.18
陆续入局 AI眼镜的玩家:苹果、META、华为、理想、阿里、字节...,jian中1971,其他,[赞][赞][赞],1.0
陆续入局 AI眼镜的玩家:苹果、META、华为、理想、阿里、字节...,猫猫-风乍起,山东 烟台,大公司纷纷下场，回头科技公司都会来,0.9
陆续入局 AI眼镜的玩家:苹果、META、华为、理想、阿里、字节...,可可褕,其他,AI应用的越来越多了，越来越贴近生活,0.96
陆续入局 AI眼镜的玩家:苹果、META、华为、理想、阿里、字节...,想吃鱼尾巴la,海南,感觉又是近几年的热门,0.93
陆续入局 AI眼镜的玩家:苹果、META、华为、理想、阿里、字节...,桃浦月野_,其他,以后技术越来越好了[打call][打call],0.6
陆续入局 AI眼镜的玩家:苹果、META、华为、理想、阿里、字节...,靠谱先生823,其他,了解,0.53
陆续入局 AI眼镜的玩家:苹果、META、华为、理想、阿里、字节...,smile199992,江西 赣州,关注一下,0.81
陆续入局 AI眼镜的玩家:苹果、META、华为、理想、阿里、字节...,无邪1116,江西,关注一下,0.81
陆续入局 AI眼镜的玩家:苹果、META、华为、理想、阿里、字节...,Eustoma简,四川,[good],0.5
陆续入局 AI眼镜的玩家:苹果、META、华为、理想、阿里、字节...,_小风ge,海外 印尼,关注一下,0.81
陆续入局 AI眼镜的玩家:苹果、META、华为、理想、阿里、字节...,一棵小草--2022,河北 石家庄,[心][心],0.9
陆续入局 AI眼镜的玩家:苹果、META、华为、理想、阿里、字节...,打折减半是人生,北京,需要,0.53
陆续入局 AI眼镜的玩家:苹果、META、华为、理想、阿里、字节...,四悔于世,安徽,潮起潮落看最后方知谁一直在浪尖持久！[good][good],0.8
陆续入局 AI眼镜的玩家:苹果、META、华为、理想、阿里、字节...,络hhh,其他,kk,0.5
陆续入局 AI眼镜的玩家:苹果、META、华为、理想、阿里、字节...,微波司马卡卡,其他,[园丁],0.5
陆续入局 AI眼镜的玩家:苹果、META、华为、理想、阿里、字节...,剧未终23988,其他,后续还会有更多,0.75
陆续入局 AI眼镜的玩家:苹果、META、华为、理想、阿里、字节...,米山老留,其他,关注了[作揖],0.71
陆续入局 AI眼镜的玩家:苹果、META、华为、理想、阿里、字节...,Mrs_TingMM,辽宁 鞍山,竞争太激烈了,0.1
陆续入局 AI眼镜的玩家:苹果、META、华为、理想、阿里、字节...,大海之颜,其他,AI技术含量越来越高,0.52
陆续入局 AI眼镜的玩家:苹果、META、华为、理想、阿里、字节...,清风吹绿松,广东,只玩过meta的,0.53
陆续入局 AI眼镜的玩家:苹果、META、华为、理想、阿里、字节...,最纯粹的摩尔蛙,海外 其他,风口已至，胜负未定。,0.09
陆续入局 AI眼镜的玩家:苹果、META、华为、理想、阿里、字节...,我要做最厉害的小锦鲤,其他,都可以感觉后面股市的起起伏伏,0.97
陆续入局 AI眼镜的玩家:苹果、META、华为、理想、阿里、字节...,上岸之日,河北 衡水,加油,0.9
陆续入局 AI眼镜的玩家:苹果、META、华为、理想、阿里、字节...,ice正在努力做人,广西 玉林,利益至上,0.59
陆续入局 AI眼镜的玩家:苹果、META、华为、理想、阿里、字节...,宝宝的小白瓜,其他,太厉害了[good][good],0.19
陆续入局 AI眼镜的玩家:苹果、META、华为、理想、阿里、字节...,大吉大利好运健康,上海,歌尔股份？立讯精密？,0.67
陆续入局 AI眼镜的玩家:苹果、META、华为、理想、阿里、字节...,鹿辣辣鹿辣辣录辣录辣辣,四川,厉害,0.36
陆续入局 AI眼镜的玩家:苹果、META、华为、理想、阿里、字节...,一周的朋友998,其他,转发加油,0.9
陆续入局 AI眼镜的玩家:苹果、META、华为、理想、阿里、字节...,DICHA13,其他,非常强劲的,0.84
陆续入局 AI眼镜的玩家:苹果、META、华为、理想、阿里、字节...,悠悠五千,其他,阿里现在才像个科技企业，而不是以前的互联网贷跨公司,0.93
陆续入局 AI眼镜的玩家:苹果、META、华为、理想、阿里、字节...,LG2058,其他,没体验过AI眼镜,0.3
陆续入局 AI眼镜的玩家:苹果、META、华为、理想、阿里、字节...,zhuanxian007,其他,转发,0.5
陆续入局 AI眼镜的玩家:苹果、META、华为、理想、阿里、字节...,小幸运的冰儿,河南,厉害了,0.36
陆续入局 AI眼镜的玩家:苹果、META、华为、理想、阿里、字节...,阑珊eexx,湖南,[打call][打call][打call],0.45
陆续入局 AI眼镜的玩家:苹果、META、华为、理想、阿里、字节...,zhuanxian007,其他,给力,0.5
陆续入局 AI眼镜的玩家:苹果、META、华为、理想、阿里、字节...,奇迹锦鲤老男孩,江西 南昌,又是一千新的战场,0.88
陆续入局 AI眼镜的玩家:苹果、META、华为、理想、阿里、字节...,幸运喵星球,江苏 南通,竞争越激烈，发展越快[酷],0.95
陆续入局 AI眼镜的玩家:苹果、META、华为、理想、阿里、字节...,七杯草莓,广西,可,0.53
陆续入局 AI眼镜的玩家:苹果、META、华为、理想、阿里、字节...,-小生活-,辽宁 大连,静观后续[嘻嘻],0.99
陆续入局 AI眼镜的玩家:苹果、META、华为、理想、阿里、字节...,霖雨绵绵冰,四川,厉害,0.36
陆续入局 AI眼镜的玩家:苹果、META、华为、理想、阿里、字节...,云端小奇迹,其他,AI眼镜以后技术会越来越厉害,0.22
陆续入局 AI眼镜的玩家:苹果、META、华为、理想、阿里、字节...,第7个没有星星的夜晚,山西,#没想到# ,0.06
陆续入局 AI眼镜的玩家:苹果、META、华为、理想、阿里、字节...,静福泉茶轩,黑龙江,都想分一杯羹,0.44
陆续入局 AI眼镜的玩家:苹果、META、华为、理想、阿里、字节...,小狗幸运星_rooosy,陕西,不错,0.86
陆续入局 AI眼镜的玩家:苹果、META、华为、理想、阿里、字节...,秋叶知音,江苏,是的等便宜大众用户买,0.26
陆续入局 AI眼镜的玩家:苹果、META、华为、理想、阿里、字节...,雾Pua,其他,转发微博,0.64
陆续入局 AI眼镜的玩家:苹果、META、华为、理想、阿里、字节...,人生如梦锦鲤版,山西,AI的运用会越来越多,0.59
陆续入局 AI眼镜的玩家:苹果、META、华为、理想、阿里、字节...,JNJN0533,山东 济南,佳禾智能,0.52
陆续入局 AI眼镜的玩家:苹果、META、华为、理想、阿里、字节...,门奎,其他,Hi good,0.42
陆续入局 AI眼镜的玩家:苹果、META、华为、理想、阿里、字节...,光伏内卷受害者,广东 广州,希望能突破创新,0.98
陆续入局 AI眼镜的玩家:苹果、META、华为、理想、阿里、字节...,别致港味04947,其他,越来越好了[打call],0.69
陆续入局 AI眼镜的玩家:苹果、META、华为、理想、阿里、字节...,最后一张牌34685,其他,[鲜花][鲜花],0.76
陆续入局 AI眼镜的玩家:苹果、META、华为、理想、阿里、字节...,骑鹤腰缠,江苏,因为标的不在眼镜[doge],0.27
陆续入局 AI眼镜的玩家:苹果、META、华为、理想、阿里、字节...,自在了呀,黑龙江,[打call],0.5
陆续入局 AI眼镜的玩家:苹果、META、华为、理想、阿里、字节...,小小峰亡命天涯,广东 深圳,没人哪家头部企业会放弃。。,0.12
陆续入局 AI眼镜的玩家:苹果、META、华为、理想、阿里、字节...,懒羊羊的懒m,其他,AI眼镜又是一个新竞争项目,0.46
陆续入局 AI眼镜的玩家:苹果、META、华为、理想、阿里、字节...,来个慢之约,其他,趋势,0.58
陆续入局 AI眼镜的玩家:苹果、META、华为、理想、阿里、字节...,胡萝北123456,北京,应用再不爆款，算力大哥表示面对资本有点吃力[笑cry],0.96
陆续入局 AI眼镜的玩家:苹果、META、华为、理想、阿里、字节...,別再调零了,河南,厉害,0.36
陆续入局 AI眼镜的玩家:苹果、META、华为、理想、阿里、字节...,芝麻开门03P1,海外 瑞士,北大青鸟环宇，AR眼镜铲子股,0.17
陆续入局 AI眼镜的玩家:苹果、META、华为、理想、阿里、字节...,断弦1991,广东 深圳,阿里厉害吧,0.34
陆续入局 AI眼镜的玩家:苹果、META、华为、理想、阿里、字节...,朽木雕不出的兔子,北京 东城区,可能用不了几年[喵喵][喵喵][喵喵],0.22
陆续入局 AI眼镜的玩家:苹果、META、华为、理想、阿里、字节...,888阳哥yg,辽宁,[哈哈]巨头下场，百花争艳！[耶],0.1
陆续入局 AI眼镜的玩家:苹果、META、华为、理想、阿里、字节...,我不吃糖123567,北京 海淀区,好,0.66
陆续入局 AI眼镜的玩家:苹果、META、华为、理想、阿里、字节...,xjjiaoshou,新疆,有苹果,0.76
陆续入局 AI眼镜的玩家:苹果、META、华为、理想、阿里、字节...,金竹吉吉,其他,生活与娱乐的新体验,0.95
陆续入局 AI眼镜的玩家:苹果、META、华为、理想、阿里、字节...,芙晟若梦,其他,不错,0.86
陆续入局 AI眼镜的玩家:苹果、META、华为、理想、阿里、字节...,回放-,其他,可以,0.53
陆续入局 AI眼镜的玩家:苹果、META、华为、理想、阿里、字节...,第几次看海_,广东,给力[打call],0.47
陆续入局 AI眼镜的玩家:苹果、META、华为、理想、阿里、字节...,丢了幸福的猪vvv,其他,厉害了,0.36
陆续入局 AI眼镜的玩家:苹果、META、华为、理想、阿里、字节...,清风拂月202211,甘肃,未来可期,0.89
陆续入局 AI眼镜的玩家:苹果、META、华为、理想、阿里、字节...,要爱你这一生,其他,厉害[赞],0.85
陆续入局 AI眼镜的玩家:苹果、META、华为、理想、阿里、字节...,唯爱-KIKI-,黑龙江 佳木斯,是的 ai越来越广泛,0.56
陆续入局 AI眼镜的玩家:苹果、META、华为、理想、阿里、字节...,月半子_努力减肥ing,北京 海淀区,还差一个企鹅,0.14
陆续入局 AI眼镜的玩家:苹果、META、华为、理想、阿里、字节...,一尾好运,山西 晋中,哇塞，这么多，AI产品会越来越多,0.51
陆续入局 AI眼镜的玩家:苹果、META、华为、理想、阿里、字节...,形影不离的乖乖,江西 南昌,AI眼镜越来越好[666],0.51
陆续入局 AI眼镜的玩家:苹果、META、华为、理想、阿里、字节...,温婉樱桃,河北 唐山,会很激烈吧,0.32
陆续入局 AI眼镜的玩家:苹果、META、华为、理想、阿里、字节...,啾一口拢龙吖,吉林 吉林,[good],0.5
陆续入局 AI眼镜的玩家:苹果、META、华为、理想、阿里、字节...,Melantha狼痕,河南,ai以后会运用到各家各户[赞],0.91
陆续入局 AI眼镜的玩家:苹果、META、华为、理想、阿里、字节...,锦Nuyoah鲤,其他,ai运用越来越广泛了,0.56
陆续入局 AI眼镜的玩家:苹果、META、华为、理想、阿里、字节...,日常幸运很容易,其他,够多了啊,0.69
陆续入局 AI眼镜的玩家:苹果、META、华为、理想、阿里、字节...,少年老兵008,浙江 温州,非常的不错,0.86
陆续入局 AI眼镜的玩家:苹果、META、华为、理想、阿里、字节...,甘娜Lucy,天津 和平区,[赞][赞],0.99
陆续入局 AI眼镜的玩家:苹果、META、华为、理想、阿里、字节...,没有昵称你看什么呢,其他,转发微博,0.64
陆续入局 AI眼镜的玩家:苹果、META、华为、理想、阿里、字节...,晏子重生,辽宁 沈阳,A|眼镜很好玩,0.77
陆续入局 AI眼镜的玩家:苹果、META、华为、理想、阿里、字节...,陆陆无敌x,其他,厉害,0.36
陆续入局 AI眼镜的玩家:苹果、META、华为、理想、阿里、字节...,英jsy,广东,厉害了,0.36
陆续入局 AI眼镜的玩家:苹果、META、华为、理想、阿里、字节...,土豆泥拌拌饭_,广东,不错,0.86
陆续入局 AI眼镜的玩家:苹果、META、华为、理想、阿里、字节...,方温歆Rarity,其他,是的，群众人都是一样的,0.51
陆续入局 AI眼镜的玩家:苹果、META、华为、理想、阿里、字节...,宇宙二爷,其他,[赞啊][赞啊][赞啊][赞啊][赞啊],1.0
陆续入局 AI眼镜的玩家:苹果、META、华为、理想、阿里、字节...,每天微一笑鸭,其他,市场很大,0.81
陆续入局 AI眼镜的玩家:苹果、META、华为、理想、阿里、字节...,晚肸,其他,给力,0.5
陆续入局 AI眼镜的玩家:苹果、META、华为、理想、阿里、字节...,摸鱼冠军候补一个,其他,太厉害了，普及之后希望能降价,0.21
陆续入局 AI眼镜的玩家:苹果、META、华为、理想、阿里、字节...,QoQiiu7,其他,非常厉害,0.36
陆续入局 AI眼镜的玩家:苹果、META、华为、理想、阿里、字节...,SSE07,海外 印尼,关注了,0.81
陆续入局 AI眼镜的玩家:苹果、META、华为、理想、阿里、字节...,小夏天天开心y,其他,市场竞争太激烈,0.18
陆续入局 AI眼镜的玩家:苹果、META、华为、理想、阿里、字节...,谁会00记得,广西,好的,0.66
陆续入局 AI眼镜的玩家:苹果、META、华为、理想、阿里、字节...,冬之雪11851,其他,给力呀,0.5
陆续入局 AI眼镜的玩家:苹果、META、华为、理想、阿里、字节...,拉Kola,其他,AI发展很迅速[点赞],0.98
陆续入局 AI眼镜的玩家:苹果、META、华为、理想、阿里、字节...,九月晚空,其他,又要百家争鸣了[doge],0.86
陆续入局 AI眼镜的玩家:苹果、META、华为、理想、阿里、字节...,小龙女的故事,浙江,Al点一[good],0.45
陆续入局 AI眼镜的玩家:苹果、META、华为、理想、阿里、字节...,炁jkl,其他,未来前景可期,0.71
陆续入局 AI眼镜的玩家:苹果、META、华为、理想、阿里、字节...,幸运草th,北京,[咖啡],0.51
陆续入局 AI眼镜的玩家:苹果、META、华为、理想、阿里、字节...,幸运草th,北京,[good],0.5
#95后小伙手搓AI眼镜体验失明的一天#当世界陷入黑暗，科技能否成为照亮前路的光？上海95后AI开发者帆哥用半年时间给出了答案，他带领团队手搓的AI眼...,泡妈小厨,浙江 温州,AI眼镜太牛了,0.27
#95后小伙手搓AI眼镜体验失明的一天#当世界陷入黑暗，科技能否成为照亮前路的光？上海95后AI开发者帆哥用半年时间给出了答案，他带领团队手搓的AI眼...,驰板派,北京,这就是科技发展的意义,0.96
#95后小伙手搓AI眼镜体验失明的一天#当世界陷入黑暗，科技能否成为照亮前路的光？上海95后AI开发者帆哥用半年时间给出了答案，他带领团队手搓的AI眼...,人生如梦锦鲤版,山西,确实是这样，太温馨了,0.82
#95后小伙手搓AI眼镜体验失明的一天#当世界陷入黑暗，科技能否成为照亮前路的光？上海95后AI开发者帆哥用半年时间给出了答案，他带领团队手搓的AI眼...,欧丽婷_LiTing,其他,真是太佩服这些有创意的人了,0.94
#95后小伙手搓AI眼镜体验失明的一天#当世界陷入黑暗，科技能否成为照亮前路的光？上海95后AI开发者帆哥用半年时间给出了答案，他带领团队手搓的AI眼...,粘人的猫咪精,其他,年轻开发者让AI充满人情味 好有温度,0.89
#95后小伙手搓AI眼镜体验失明的一天#当世界陷入黑暗，科技能否成为照亮前路的光？上海95后AI开发者帆哥用半年时间给出了答案，他带领团队手搓的AI眼...,懒羊羊的茄子,其他,太有温度了,0.21
#95后小伙手搓AI眼镜体验失明的一天#当世界陷入黑暗，科技能否成为照亮前路的光？上海95后AI开发者帆哥用半年时间给出了答案，他带领团队手搓的AI眼...,东南有吗喽,其他,AI眼镜+社会善意 共筑视障群体出行温暖防线,0.99
#95后小伙手搓AI眼镜体验失明的一天#当世界陷入黑暗，科技能否成为照亮前路的光？上海95后AI开发者帆哥用半年时间给出了答案，他带领团队手搓的AI眼...,童童很可爱奶,其他,创客用双手为黑暗世界点亮前行路灯,0.96
#95后小伙手搓AI眼镜体验失明的一天#当世界陷入黑暗，科技能否成为照亮前路的光？上海95后AI开发者帆哥用半年时间给出了答案，他带领团队手搓的AI眼...,阿耶比耶野比,其他,95后帆哥研百元AI眼镜 助视障27分钟穿四街区超牛 ,0.24
#95后小伙手搓AI眼镜体验失明的一天#当世界陷入黑暗，科技能否成为照亮前路的光？上海95后AI开发者帆哥用半年时间给出了答案，他带领团队手搓的AI眼...,肖家可爱仙女,广东,AI眼镜助视障安全出行科技照亮黑暗前路,1.0
#95后小伙手搓AI眼镜体验失明的一天#当世界陷入黑暗，科技能否成为照亮前路的光？上海95后AI开发者帆哥用半年时间给出了答案，他带领团队手搓的AI眼...,做一个开心的狗狗吧,其他,看到科技这么温暖，真的很感动。,1.0
#95后小伙手搓AI眼镜体验失明的一天#当世界陷入黑暗，科技能否成为照亮前路的光？上海95后AI开发者帆哥用半年时间给出了答案，他带领团队手搓的AI眼...,败家大仙儿,辽宁,保护盲道很重要，大家都要有这意识。,0.66
#95后小伙手搓AI眼镜体验失明的一天#当世界陷入黑暗，科技能否成为照亮前路的光？上海95后AI开发者帆哥用半年时间给出了答案，他带领团队手搓的AI眼...,美美哒开心就好,河南 漯河,开源精神打破技术壁垒让爱心流动,0.95
#95后小伙手搓AI眼镜体验失明的一天#当世界陷入黑暗，科技能否成为照亮前路的光？上海95后AI开发者帆哥用半年时间给出了答案，他带领团队手搓的AI眼...,ScoobyTan,其他,科技加社会善意 共筑无障碍蓝天,0.93
#95后小伙手搓AI眼镜体验失明的一天#当世界陷入黑暗，科技能否成为照亮前路的光？上海95后AI开发者帆哥用半年时间给出了答案，他带领团队手搓的AI眼...,一只摆烂小闲鱼,其他,科技向善让冰冷代码传递温暖光芒,1.0
#95后小伙手搓AI眼镜体验失明的一天#当世界陷入黑暗，科技能否成为照亮前路的光？上海95后AI开发者帆哥用半年时间给出了答案，他带领团队手搓的AI眼...,夜空中不一样的光芒,河北 邢台,开发者有心了，社会也需要更多支持。,0.94
#95后小伙手搓AI眼镜体验失明的一天#当世界陷入黑暗，科技能否成为照亮前路的光？上海95后AI开发者帆哥用半年时间给出了答案，他带领团队手搓的AI眼...,TXX芝士年糕,其他,穿越街区显实力 这波操作太圈粉,1.0
#95后小伙手搓AI眼镜体验失明的一天#当世界陷入黑暗，科技能否成为照亮前路的光？上海95后AI开发者帆哥用半年时间给出了答案，他带领团队手搓的AI眼...,追梦猫咪写情书,北京,年轻开发者用AI诠释科技普惠与人文温度,1.0
#95后小伙手搓AI眼镜体验失明的一天#当世界陷入黑暗，科技能否成为照亮前路的光？上海95后AI开发者帆哥用半年时间给出了答案，他带领团队手搓的AI眼...,就是爱音乐的凉姑,香港,科技就该这样，解决实际生活问题。,0.87
#95后小伙手搓AI眼镜体验失明的一天#当世界陷入黑暗，科技能否成为照亮前路的光？上海95后AI开发者帆哥用半年时间给出了答案，他带领团队手搓的AI眼...,微风不燥细雨绵,其他,科技之外守护盲道才是视障出行底色,0.97
#95后小伙手搓AI眼镜体验失明的一天#当世界陷入黑暗，科技能否成为照亮前路的光？上海95后AI开发者帆哥用半年时间给出了答案，他带领团队手搓的AI眼...,枕头底下压着星星,其他,年轻创客用技术 诠释人文关怀力量,1.0
#95后小伙手搓AI眼镜体验失明的一天#当世界陷入黑暗，科技能否成为照亮前路的光？上海95后AI开发者帆哥用半年时间给出了答案，他带领团队手搓的AI眼...,我我我我就是我的我,其他,百元硬件成本让视障辅助科技更易普及,0.91
#95后小伙手搓AI眼镜体验失明的一天#当世界陷入黑暗，科技能否成为照亮前路的光？上海95后AI开发者帆哥用半年时间给出了答案，他带领团队手搓的AI眼...,已读不回博士后萌系防御型,海外,开源传递善意 科技普惠超有温度,0.91
#95后小伙手搓AI眼镜体验失明的一天#当世界陷入黑暗，科技能否成为照亮前路的光？上海95后AI开发者帆哥用半年时间给出了答案，他带领团队手搓的AI眼...,英天妮,广东,百元AI眼镜开源传递善意技术温暖人心,1.0
#95后小伙手搓AI眼镜体验失明的一天#当世界陷入黑暗，科技能否成为照亮前路的光？上海95后AI开发者帆哥用半年时间给出了答案，他带领团队手搓的AI眼...,真是个可爱小鬼,河北 邢台,技术有限，善意无限。每个人都能成为别人的光！,0.95
#95后小伙手搓AI眼镜体验失明的一天#当世界陷入黑暗，科技能否成为照亮前路的光？上海95后AI开发者帆哥用半年时间给出了答案，他带领团队手搓的AI眼...,海边捡贝壳en,其他,语音指路逛超市找对商品很方便,0.92
#95后小伙手搓AI眼镜体验失明的一天#当世界陷入黑暗，科技能否成为照亮前路的光？上海95后AI开发者帆哥用半年时间给出了答案，他带领团队手搓的AI眼...,天天逗乐翻天,河北 邢台,百元成本能做到这样，真的太厉害了！,0.13
#95后小伙手搓AI眼镜体验失明的一天#当世界陷入黑暗，科技能否成为照亮前路的光？上海95后AI开发者帆哥用半年时间给出了答案，他带领团队手搓的AI眼...,下次看海再约你,其他,实时辨盲道红绿灯和障碍,0.79
#95后小伙手搓AI眼镜体验失明的一天#当世界陷入黑暗，科技能否成为照亮前路的光？上海95后AI开发者帆哥用半年时间给出了答案，他带领团队手搓的AI眼...,安塞波波,山东,为这小伙的创客精神打call 科技就该这么用,0.93
#95后小伙手搓AI眼镜体验失明的一天#当世界陷入黑暗，科技能否成为照亮前路的光？上海95后AI开发者帆哥用半年时间给出了答案，他带领团队手搓的AI眼...,苏菲八二九是我,山东 临沂,希望这种有温度的AI项目能越来越多,0.46
#95后小伙手搓AI眼镜体验失明的一天#当世界陷入黑暗，科技能否成为照亮前路的光？上海95后AI开发者帆哥用半年时间给出了答案，他带领团队手搓的AI眼...,一下子瘦了二十斤,其他,百元成本解决大问题，开源精神让爱传递更远,0.95
#95后小伙手搓AI眼镜体验失明的一天#当世界陷入黑暗，科技能否成为照亮前路的光？上海95后AI开发者帆哥用半年时间给出了答案，他带领团队手搓的AI眼...,濰它乃,海南 海口,95后小伙手搓AI眼镜成视障者第三只眼,0.05
#95后小伙手搓AI眼镜体验失明的一天#当世界陷入黑暗，科技能否成为照亮前路的光？上海95后AI开发者帆哥用半年时间给出了答案，他带领团队手搓的AI眼...,易安黎墨dy,其他,用开源模型做导路小设备,0.82
#95后小伙手搓AI眼镜体验失明的一天#当世界陷入黑暗，科技能否成为照亮前路的光？上海95后AI开发者帆哥用半年时间给出了答案，他带领团队手搓的AI眼...,冰美式的小小芦苇,其他,百元AI眼镜成光 照亮视障朋友前路,0.85
#95后小伙手搓AI眼镜体验失明的一天#当世界陷入黑暗，科技能否成为照亮前路的光？上海95后AI开发者帆哥用半年时间给出了答案，他带领团队手搓的AI眼...,是喜欢吃草莓的小朋友,河北 邢台,这才是科技应有的温度！为这群年轻人点赞！,0.94
#95后小伙手搓AI眼镜体验失明的一天#当世界陷入黑暗，科技能否成为照亮前路的光？上海95后AI开发者帆哥用半年时间给出了答案，他带领团队手搓的AI眼...,活泼可爱文文小四月,湖南,95后小伙手搓AI眼镜帮视障出行 ,0.14
#95后小伙手搓AI眼镜体验失明的一天#当世界陷入黑暗，科技能否成为照亮前路的光？上海95后AI开发者帆哥用半年时间给出了答案，他带领团队手搓的AI眼...,巴洛克天堂,北京,支持一下,0.63
#95后小伙手搓AI眼镜体验失明的一天#当世界陷入黑暗，科技能否成为照亮前路的光？上海95后AI开发者帆哥用半年时间给出了答案，他带领团队手搓的AI眼...,qazx05,上海 黄浦区,赞一个,0.91
#95后小伙手搓AI眼镜体验失明的一天#当世界陷入黑暗，科技能否成为照亮前路的光？上海95后AI开发者帆哥用半年时间给出了答案，他带领团队手搓的AI眼...,Kenny-小胖,广东,科技改变生活[抱一抱][抱一抱],1.0
#95后小伙手搓AI眼镜体验失明的一天#当世界陷入黑暗，科技能否成为照亮前路的光？上海95后AI开发者帆哥用半年时间给出了答案，他带领团队手搓的AI眼...,无限撼之星,其他,不错的善意,0.87
#95后小伙手搓AI眼镜体验失明的一天#当世界陷入黑暗，科技能否成为照亮前路的光？上海95后AI开发者帆哥用半年时间给出了答案，他带领团队手搓的AI眼...,真不嗑,其他,厉害,0.36
#95后小伙手搓AI眼镜体验失明的一天#当世界陷入黑暗，科技能否成为照亮前路的光？上海95后AI开发者帆哥用半年时间给出了答案，他带领团队手搓的AI眼...,霞霞dd,河南 南阳,科技向善让冰冷代码传递温暖光芒[心],1.0
#95后小伙手搓AI眼镜体验失明的一天#当世界陷入黑暗，科技能否成为照亮前路的光？上海95后AI开发者帆哥用半年时间给出了答案，他带领团队手搓的AI眼...,沐然子柒,其他,希望买回来真的好用,0.69
#95后小伙手搓AI眼镜体验失明的一天#当世界陷入黑暗，科技能否成为照亮前路的光？上海95后AI开发者帆哥用半年时间给出了答案，他带领团队手搓的AI眼...,开衫白,上海 黄浦区,太给力了,0.32
#95后小伙手搓AI眼镜体验失明的一天#当世界陷入黑暗，科技能否成为照亮前路的光？上海95后AI开发者帆哥用半年时间给出了答案，他带领团队手搓的AI眼...,迷人荷花在娱乐,其他,ESP32 S3开发板+低价配件，花小钱办大事，这波技术落地绝了,0.76
#95后小伙手搓AI眼镜体验失明的一天#当世界陷入黑暗，科技能否成为照亮前路的光？上海95后AI开发者帆哥用半年时间给出了答案，他带领团队手搓的AI眼...,在博物馆学烹饪的波斯菊,四川 乐山,从逛超市找货到过马路，AI眼镜把视障需求抓得超准，开发者太用心,0.49
#95后小伙手搓AI眼镜体验失明的一天#当世界陷入黑暗，科技能否成为照亮前路的光？上海95后AI开发者帆哥用半年时间给出了答案，他带领团队手搓的AI眼...,芭芭乐多可爱,河南 漯河,守护盲道是比科技更重要的人文关怀,1.0
#95后小伙手搓AI眼镜体验失明的一天#当世界陷入黑暗，科技能否成为照亮前路的光？上海95后AI开发者帆哥用半年时间给出了答案，他带领团队手搓的AI眼...,群里有木有,其他,用Qwen—Omni和YOLO做眼镜，还公开硬件清单，这开源精神必须夸,0.49
#95后小伙手搓AI眼镜体验失明的一天#当世界陷入黑暗，科技能否成为照亮前路的光？上海95后AI开发者帆哥用半年时间给出了答案，他带领团队手搓的AI眼...,梓钰妹儿,四川 乐山,上海95后帆哥太牛，AI眼镜认路还开源，百元成本真的让科技暖到人心,0.99
#95后小伙手搓AI眼镜体验失明的一天#当世界陷入黑暗，科技能否成为照亮前路的光？上海95后AI开发者帆哥用半年时间给出了答案，他带领团队手搓的AI眼...,在蜜蜂花园采葡萄的小樱桃,四川 乐山,27分钟蒙眼穿4街区过3红绿灯，这AI眼镜对视障朋友也太实用了吧,0.0
#95后小伙手搓AI眼镜体验失明的一天#当世界陷入黑暗，科技能否成为照亮前路的光？上海95后AI开发者帆哥用半年时间给出了答案，他带领团队手搓的AI眼...,耕耘熊,重庆 渝中区,科技温暖人心，,1.0
#95后小伙手搓AI眼镜体验失明的一天#当世界陷入黑暗，科技能否成为照亮前路的光？上海95后AI开发者帆哥用半年时间给出了答案，他带领团队手搓的AI眼...,香薰芭蕾,河北 邢台,科技温暖人心，帆哥AI眼镜让视障出行不再难,1.0
#95后小伙手搓AI眼镜体验失明的一天#当世界陷入黑暗，科技能否成为照亮前路的光？上海95后AI开发者帆哥用半年时间给出了答案，他带领团队手搓的AI眼...,欢乐大路888,浙江 宁波,这技术绝了,0.55
#95后小伙手搓AI眼镜体验失明的一天#当世界陷入黑暗，科技能否成为照亮前路的光？上海95后AI开发者帆哥用半年时间给出了答案，他带领团队手搓的AI眼...,瑜妃娘娘,其他,帆哥手搓AI眼镜，点亮视障朋友的前路,0.05
#95后小伙手搓AI眼镜体验失明的一天#当世界陷入黑暗，科技能否成为照亮前路的光？上海95后AI开发者帆哥用半年时间给出了答案，他带领团队手搓的AI眼...,迪小小1117,河北 邯郸,真好这科技,0.85
#95后小伙手搓AI眼镜体验失明的一天#当世界陷入黑暗，科技能否成为照亮前路的光？上海95后AI开发者帆哥用半年时间给出了答案，他带领团队手搓的AI眼...,Hiphop_王梓旭,山西 临汾,硬件成本只要一百多块,0.31
#95后小伙手搓AI眼镜体验失明的一天#当世界陷入黑暗，科技能否成为照亮前路的光？上海95后AI开发者帆哥用半年时间给出了答案，他带领团队手搓的AI眼...,皓泰优宠,其他,这才是AI的真正意义，期待尽快量产,0.22
#95后小伙手搓AI眼镜体验失明的一天#当世界陷入黑暗，科技能否成为照亮前路的光？上海95后AI开发者帆哥用半年时间给出了答案，他带领团队手搓的AI眼...,Aicyoc,其他,不占盲道才是真温暖底色,0.73
#95后小伙手搓AI眼镜体验失明的一天#当世界陷入黑暗，科技能否成为照亮前路的光？上海95后AI开发者帆哥用半年时间给出了答案，他带领团队手搓的AI眼...,鱼鱼鱼鱼的塘,其他,科技点亮黑暗公益温暖人心,1.0
#95后小伙手搓AI眼镜体验失明的一天#当世界陷入黑暗，科技能否成为照亮前路的光？上海95后AI开发者帆哥用半年时间给出了答案，他带领团队手搓的AI眼...,英雄就在新丰,广东 深圳,AI眼镜实时识别路况助力视障人士安全出行,0.96
#95后小伙手搓AI眼镜体验失明的一天#当世界陷入黑暗，科技能否成为照亮前路的光？上海95后AI开发者帆哥用半年时间给出了答案，他带领团队手搓的AI眼...,柒柒是漆漆啊,其他, 开源助盲眼镜百元守护出行,0.99
#95后小伙手搓AI眼镜体验失明的一天#当世界陷入黑暗，科技能否成为照亮前路的光？上海95后AI开发者帆哥用半年时间给出了答案，他带领团队手搓的AI眼...,苹果味的修勾,其他, 公益科技同行照亮前行之路,0.94
#95后小伙手搓AI眼镜体验失明的一天#当世界陷入黑暗，科技能否成为照亮前路的光？上海95后AI开发者帆哥用半年时间给出了答案，他带领团队手搓的AI眼...,吃甜点的可爱小孩,其他,小小的创新装着大大的善意,0.83
#95后小伙手搓AI眼镜体验失明的一天#当世界陷入黑暗，科技能否成为照亮前路的光？上海95后AI开发者帆哥用半年时间给出了答案，他带领团队手搓的AI眼...,呜呜呜v5555,其他,技术改变生活关怀改变世界,1.0
#95后小伙手搓AI眼镜体验失明的一天#当世界陷入黑暗，科技能否成为照亮前路的光？上海95后AI开发者帆哥用半年时间给出了答案，他带领团队手搓的AI眼...,没有才华的油菜花-,其他,每个微小善意都能照亮黑暗,0.99
#95后小伙手搓AI眼镜体验失明的一天#当世界陷入黑暗，科技能否成为照亮前路的光？上海95后AI开发者帆哥用半年时间给出了答案，他带领团队手搓的AI眼...,自信土豆在时尚,其他, 帆哥团队半年磨AI眼镜 百元成本显科技普惠力,0.52
#95后小伙手搓AI眼镜体验失明的一天#当世界陷入黑暗，科技能否成为照亮前路的光？上海95后AI开发者帆哥用半年时间给出了答案，他带领团队手搓的AI眼...,曼珠沙华彼岸花-,其他,被这群年轻开发者暖到了,0.89
#95后小伙手搓AI眼镜体验失明的一天#当世界陷入黑暗，科技能否成为照亮前路的光？上海95后AI开发者帆哥用半年时间给出了答案，他带领团队手搓的AI眼...,跋涉森林不是森林,其他,帆哥开源AI眼镜全资料 科技善意传递超暖心 ,0.99
#95后小伙手搓AI眼镜体验失明的一天#当世界陷入黑暗，科技能否成为照亮前路的光？上海95后AI开发者帆哥用半年时间给出了答案，他带领团队手搓的AI眼...,绵绵冰的日出,其他,青年力量让AI更有温度与爱,0.99
#95后小伙手搓AI眼镜体验失明的一天#当世界陷入黑暗，科技能否成为照亮前路的光？上海95后AI开发者帆哥用半年时间给出了答案，他带领团队手搓的AI眼...,热血松鼠在比赛,其他,年轻开发者榜样，技术回归人文,1.0
#95后小伙手搓AI眼镜体验失明的一天#当世界陷入黑暗，科技能否成为照亮前路的光？上海95后AI开发者帆哥用半年时间给出了答案，他带领团队手搓的AI眼...,稳重鸢尾,其他,科技真的成了视障朋友的光,0.65
#95后小伙手搓AI眼镜体验失明的一天#当世界陷入黑暗，科技能否成为照亮前路的光？上海95后AI开发者帆哥用半年时间给出了答案，他带领团队手搓的AI眼...,流向正好,其他,科技普惠不应只靠技术还需社会无障碍设施,0.71
#95后小伙手搓AI眼镜体验失明的一天#当世界陷入黑暗，科技能否成为照亮前路的光？上海95后AI开发者帆哥用半年时间给出了答案，他带领团队手搓的AI眼...,娣的东,其他,开源共享代码模型让善意与技术无限传递,1.0
#95后小伙手搓AI眼镜体验失明的一天#当世界陷入黑暗，科技能否成为照亮前路的光？上海95后AI开发者帆哥用半年时间给出了答案，他带领团队手搓的AI眼...,清纯滑雪板谈恋爱,广西,团队开源项目资源，AI眼镜硬件成本仅百余元。,0.48
#95后小伙手搓AI眼镜体验失明的一天#当世界陷入黑暗，科技能否成为照亮前路的光？上海95后AI开发者帆哥用半年时间给出了答案，他带领团队手搓的AI眼...,成就感幅画黑板报,其他,蒙眼测试中，开发者靠AI眼镜27分钟穿四街区。,0.12
#95后小伙手搓AI眼镜体验失明的一天#当世界陷入黑暗，科技能否成为照亮前路的光？上海95后AI开发者帆哥用半年时间给出了答案，他带领团队手搓的AI眼...,悠然橙子摄影,广东,蒙眼测试穿越多街区显AI眼镜实用价值,0.82
#95后小伙手搓AI眼镜体验失明的一天#当世界陷入黑暗，科技能否成为照亮前路的光？上海95后AI开发者帆哥用半年时间给出了答案，他带领团队手搓的AI眼...,拾巴望云舒,其他,科技点亮黑暗，善意温暖人心,1.0
#95后小伙手搓AI眼镜体验失明的一天#当世界陷入黑暗，科技能否成为照亮前路的光？上海95后AI开发者帆哥用半年时间给出了答案，他带领团队手搓的AI眼...,巷口的风带糖来,其他,年轻创客用AI，点亮视障前路！,0.91
#95后小伙手搓AI眼镜体验失明的一天#当世界陷入黑暗，科技能否成为照亮前路的光？上海95后AI开发者帆哥用半年时间给出了答案，他带领团队手搓的AI眼...,骄傲蚂蚁辅导作业,其他,护盲道+AI，给视障温暖底色！,0.95
#95后小伙手搓AI眼镜体验失明的一天#当世界陷入黑暗，科技能否成为照亮前路的光？上海95后AI开发者帆哥用半年时间给出了答案，他带领团队手搓的AI眼...,温暖的兔子在读书,四川,AI助视障穿街巷，善意暖人心！,0.97
#95后小伙手搓AI眼镜体验失明的一天#当世界陷入黑暗，科技能否成为照亮前路的光？上海95后AI开发者帆哥用半年时间给出了答案，他带领团队手搓的AI眼...,晚风与橘子汽水,其他,百元开源AI眼镜，科技助残超赞！,0.92
#95后小伙手搓AI眼镜体验失明的一天#当世界陷入黑暗，科技能否成为照亮前路的光？上海95后AI开发者帆哥用半年时间给出了答案，他带领团队手搓的AI眼...,夏天的风尊嘟很舒服,其他,开源还这么贴心 为这些年轻开发者的善意点赞,1.0
#95后小伙手搓AI眼镜体验失明的一天#当世界陷入黑暗，科技能否成为照亮前路的光？上海95后AI开发者帆哥用半年时间给出了答案，他带领团队手搓的AI眼...,林子涵养,其他,上海九五后开发者手搓AI眼镜帮助视障群体安全出行体验失明的一天,0.06
#95后小伙手搓AI眼镜体验失明的一天#当世界陷入黑暗，科技能否成为照亮前路的光？上海95后AI开发者帆哥用半年时间给出了答案，他带领团队手搓的AI眼...,小鹿姐姐找尾巴,其他,这AI眼镜太绝了 百元成本就给视障朋友带来光明,0.53
#95后小伙手搓AI眼镜体验失明的一天#当世界陷入黑暗，科技能否成为照亮前路的光？上海95后AI开发者帆哥用半年时间给出了答案，他带领团队手搓的AI眼...,自流的自己,其他,95后开发者手搓AI眼镜给视障群体带来希望,0.19
#95后小伙手搓AI眼镜体验失明的一天#当世界陷入黑暗，科技能否成为照亮前路的光？上海95后AI开发者帆哥用半年时间给出了答案，他带领团队手搓的AI眼...,aic12,其他,一百多块成本造实用物件,0.54
#95后小伙手搓AI眼镜体验失明的一天#当世界陷入黑暗，科技能否成为照亮前路的光？上海95后AI开发者帆哥用半年时间给出了答案，他带领团队手搓的AI眼...,奔跑在九月的长沙,湖南 衡阳, 百元AI眼镜靠开源模型Qwen-Omni ,0.65
#95后小伙手搓AI眼镜体验失明的一天#当世界陷入黑暗，科技能否成为照亮前路的光？上海95后AI开发者帆哥用半年时间给出了答案，他带领团队手搓的AI眼...,铁狗狗流浪旅行,重庆, 帆哥AI眼镜引路，视障出行有光！,0.64
#95后小伙手搓AI眼镜体验失明的一天#当世界陷入黑暗，科技能否成为照亮前路的光？上海95后AI开发者帆哥用半年时间给出了答案，他带领团队手搓的AI眼...,摄影的小帅,其他,百元成本做出这么牛的眼镜,0.39
#95后小伙手搓AI眼镜体验失明的一天#当世界陷入黑暗，科技能否成为照亮前路的光？上海95后AI开发者帆哥用半年时间给出了答案，他带领团队手搓的AI眼...,哈哈今天想吃芒果,其他,AI眼镜基于Qwen-Omni模型，能识盲道、红绿灯。,0.87
#95后小伙手搓AI眼镜体验失明的一天#当世界陷入黑暗，科技能否成为照亮前路的光？上海95后AI开发者帆哥用半年时间给出了答案，他带领团队手搓的AI眼...,电话给宝宝,其他,95后帆哥团队制AI眼镜，助视障者安全出行。,0.63
#95后小伙手搓AI眼镜体验失明的一天#当世界陷入黑暗，科技能否成为照亮前路的光？上海95后AI开发者帆哥用半年时间给出了答案，他带领团队手搓的AI眼...,他们都说我是无敌超级美少女,其他,蒙眼测试27分钟走完四个街区，科技力量太震撼了！,0.98
#95后小伙手搓AI眼镜体验失明的一天#当世界陷入黑暗，科技能否成为照亮前路的光？上海95后AI开发者帆哥用半年时间给出了答案，他带领团队手搓的AI眼...,我想当一只快乐的小熊猫,其他,希望尽快普及！同时呼吁大家不要占用盲道！,0.06
#95后小伙手搓AI眼镜体验失明的一天#当世界陷入黑暗，科技能否成为照亮前路的光？上海95后AI开发者帆哥用半年时间给出了答案，他带领团队手搓的AI眼...,虾仁早点水饺,浙江 宁波,太牛了,0.44
#95后小伙手搓AI眼镜体验失明的一天#当世界陷入黑暗，科技能否成为照亮前路的光？上海95后AI开发者帆哥用半年时间给出了答案，他带领团队手搓的AI眼...,追星小老虎,辽宁,确实,0.65
#95后小伙手搓AI眼镜体验失明的一天#当世界陷入黑暗，科技能否成为照亮前路的光？上海95后AI开发者帆哥用半年时间给出了答案，他带领团队手搓的AI眼...,solo薰衣草,其他,确实是,0.65
#95后小伙手搓AI眼镜体验失明的一天#当世界陷入黑暗，科技能否成为照亮前路的光？上海95后AI开发者帆哥用半年时间给出了答案，他带领团队手搓的AI眼...,Power-8a,山东 济宁,这个太有意义了,0.43
#95后小伙手搓AI眼镜体验失明的一天#当世界陷入黑暗，科技能否成为照亮前路的光？上海95后AI开发者帆哥用半年时间给出了答案，他带领团队手搓的AI眼...,追光的大脸猫,广西,点赞,0.89
#95后小伙手搓AI眼镜体验失明的一天#当世界陷入黑暗，科技能否成为照亮前路的光？上海95后AI开发者帆哥用半年时间给出了答案，他带领团队手搓的AI眼...,快醉翠微信,其他,百元成本见证技术普惠的真正力量,0.96
#95后小伙手搓AI眼镜体验失明的一天#当世界陷入黑暗，科技能否成为照亮前路的光？上海95后AI开发者帆哥用半年时间给出了答案，他带领团队手搓的AI眼...,除非八宝粥,广西 玉林,AI有局限，社会自觉与设施才是视障者温暖底色。,1.0
#95后小伙手搓AI眼镜体验失明的一天#当世界陷入黑暗，科技能否成为照亮前路的光？上海95后AI开发者帆哥用半年时间给出了答案，他带领团队手搓的AI眼...,蜜蜜糖铺子,其他,为视障朋友带来了光亮！期待更好发展,0.99
#95后小伙手搓AI眼镜体验失明的一天#当世界陷入黑暗，科技能否成为照亮前路的光？上海95后AI开发者帆哥用半年时间给出了答案，他带领团队手搓的AI眼...,乱买女王,河北,这一刻感受到科技发展带来的温暖！太棒了,1.0
#95后小伙手搓AI眼镜体验失明的一天#当世界陷入黑暗，科技能否成为照亮前路的光？上海95后AI开发者帆哥用半年时间给出了答案，他带领团队手搓的AI眼...,没办法就是这么美55,四川,95后小伙手搓AI眼镜好暖！帮视障群体出行，还开源代码硬件成本才百多块,0.13
#95后小伙手搓AI眼镜体验失明的一天#当世界陷入黑暗，科技能否成为照亮前路的光？上海95后AI开发者帆哥用半年时间给出了答案，他带领团队手搓的AI眼...,学霸的辅助,其他,蒙眼测试穿越多街区显AI眼镜实用价值,0.82
#95后小伙手搓AI眼镜体验失明的一天#当世界陷入黑暗，科技能否成为照亮前路的光？上海95后AI开发者帆哥用半年时间给出了答案，他带领团队手搓的AI眼...,呜啦啦小队长养乐多,河北,这项技术真了不起！也希望能够更好的发展,0.99
#95后小伙手搓AI眼镜体验失明的一天#当世界陷入黑暗，科技能否成为照亮前路的光？上海95后AI开发者帆哥用半年时间给出了答案，他带领团队手搓的AI眼...,立新湖风景好美,广东, 年轻开发者用创客精神做AI公益让科技回归人文注光亮,1.0
#95后小伙手搓AI眼镜体验失明的一天#当世界陷入黑暗，科技能否成为照亮前路的光？上海95后AI开发者帆哥用半年时间给出了答案，他带领团队手搓的AI眼...,学妈的一七,北京,AI眼镜实时识别路况助力视障人士安全出行,0.96
#95后小伙手搓AI眼镜体验失明的一天#当世界陷入黑暗，科技能否成为照亮前路的光？上海95后AI开发者帆哥用半年时间给出了答案，他带领团队手搓的AI眼...,比直尺还要直的美女,河北,开源精神赞，帆哥AI眼镜助力视障无障碍出行,0.99
#95后小伙手搓AI眼镜体验失明的一天#当世界陷入黑暗，科技能否成为照亮前路的光？上海95后AI开发者帆哥用半年时间给出了答案，他带领团队手搓的AI眼...,青春有魔力志,广东 深圳,AI眼镜成视障第三只眼全社会护盲道建设施更显温暖,0.98
#95后小伙手搓AI眼镜体验失明的一天#当世界陷入黑暗，科技能否成为照亮前路的光？上海95后AI开发者帆哥用半年时间给出了答案，他带领团队手搓的AI眼...,糖家大块头,河北 唐山,科技的力量为视障朋友带来了光亮,1.0
#95后小伙手搓AI眼镜体验失明的一天#当世界陷入黑暗，科技能否成为照亮前路的光？上海95后AI开发者帆哥用半年时间给出了答案，他带领团队手搓的AI眼...,依24ine,广西,帆哥团队开源AI眼镜代码与模型在魔搭社区传递善意技术,1.0
#95后小伙手搓AI眼镜体验失明的一天#当世界陷入黑暗，科技能否成为照亮前路的光？上海95后AI开发者帆哥用半年时间给出了答案，他带领团队手搓的AI眼...,二月的云边小卖部,湖南, AI公益让小爱连起改变世界大爱   ,1.0
#95后小伙手搓AI眼镜体验失明的一天#当世界陷入黑暗，科技能否成为照亮前路的光？上海95后AI开发者帆哥用半年时间给出了答案，他带领团队手搓的AI眼...,电到一个小乖乖,其他, 视障辅助需AI加整个社会努力 ,0.79
#95后小伙手搓AI眼镜体验失明的一天#当世界陷入黑暗，科技能否成为照亮前路的光？上海95后AI开发者帆哥用半年时间给出了答案，他带领团队手搓的AI眼...,美丽的世界娇,广西, 帆哥AI眼镜靠Qwen—Omni模型识路况硬件成本仅一百多块,0.86
#95后小伙手搓AI眼镜体验失明的一天#当世界陷入黑暗，科技能否成为照亮前路的光？上海95后AI开发者帆哥用半年时间给出了答案，他带领团队手搓的AI眼...,卜一月的雪,其他, 帆哥开源代码盼更多人完善产品 ,0.71
#95后小伙手搓AI眼镜体验失明的一天#当世界陷入黑暗，科技能否成为照亮前路的光？上海95后AI开发者帆哥用半年时间给出了答案，他带领团队手搓的AI眼...,厉害杰作人,其他,上海95后帆哥造AI眼镜助视障出行27分钟穿越四街区三红绿灯,0.89
